,id,accountId,puuid,name,profileIconId,revisionDate,summonerLevel
0,HuYtgWmaJS_6vz2FQ5zE0rKNnTfIMOxW-8dbp_9MVRTcIww,db6Pi38AcR2glDd04r4574DlRgbwOx2qEj4_iNG062tq,nn8yMhxyevmhEyE7WUa7uuzK1wjaChVpfXz2ojL1WtC81d4MH8qJRdBtUpEm5z-XwvLH8mqxh2eA9Q,번쩍필살곰,4659,1604783185000,135
1,zICoPmp7NN5qqh9MbSsmEPefgB2nZdkNycgHz9AuCvfJfIc,SgpgLEI0tMlnhe3JzcuIA9uTmUR9c89EfIJD4ea2JDHr9PQ,rGAEp_LeFH2tKDQzZEVTeXGdI17ouqsYuVSicVHnTSRDAXiZbnlnr2ZCqhagvoo-2sjKp90Ny9wkLw,Femme Fatale,3795,1605452810000,168
2,g5XXBi8Ck2-gYv9SgjzY337UH_YwZE1z46I7d8EEnXny5dA,8aWGJFKnu0uUMgsDvIsy-0FsFM7w-RGRu5aI2dX99tg2FCg,C3EHIOHGYlksPE3EuQCzjErzETicxug5ezOMLJ2VOHuULZk3IkloY33uTVDy01FfH51ZKRdFEX90zg,범의 위용,7,1605485853000,232
3,EIq1sRuKD6ps_Fz_6MXVSImvUoXok2Y3tj_MXFHVj-zZgrw,MUAxMS_Sq3sruzetvRdwFEBjuXsh_1Vw0g_OOcWO2z_sMRk,0YDU1QOi1YKO-EyNw3mv69bowXDppVZzBWlCK_Wt3CJnpKrmGn13s16DPZbnNxlLzvWx7X9Q_Th1Qw,그하무,4690,1605479958000,364
4,eSqCngUJoCBuAzrQH8glvmQbWRpIAzMhrPqEh-QH0tcoSZI,9cpmNIjFco4pExE5CdjDVse5UtC0QPfUXbdHLGDlLQ5EQfo,c81r1X21ZsZeRwEdBGz5M4Hi9pDFUt7QqQLTyRhuLS6Ao-WuLtCWLJMvU4ezIbbCfzp-_mSPytanpA,백정이된탑솔러,924,1605237023000,263
5,drhWpJds9jJUpKBTQGpXj3sD5QlSt0hy651U4qCdH9JO6g,OwlhbNGA0C7q_km4AgkZdRZh8TQXq38aPvCs9VvS46ou,lZbmsfvRKJ6pF4x0SCVoL8pamXGr_D38AXg_A7JHkzC856lD1NNlAULJBa4ri5-r_DLcKHQpM288WQ,쌀의남자,4787,1605337020000,201
6,wl64nJ73WwVkoS6OrsdrPsMT-bwgVOsk_lc8qf4UtSm_i8c,s2qKo1h88HgDtACb_rTT2uVG7zwDOCzZg4SyPJyJod--P7Y,6grlRQMfhVX3RFaMYZ0rdTP53TLrvPjv6E1s4-Fvdd42O4Vg7vDmfxqN9Ln5o1SrYA2GtZZbwx2oGA,Pure Agility,4498,1604564905000,147
7,sjUyZJqQvJPSDklZDZ9LOTmmUiW3_9T0GT1DyWd13MdiGQ,qJeClXsdHpBnMiInKlkIwdwcLbR7EqSQzPIte6BVat7q,JNBFT6oQaG6iBMvUNM33YthMq06g-LVgLmRSnheaOFtX5I4tRz3fZILgzKO6FynS1IJFBfwwoHffbA,새장이에요,4763,1605480275000,237
8,CNBzpa_MwWkMJBD9vuMeRUsc_Oysoxk10d_yrAZDYF3f1ng,cSO66SMCvTlSNit39GI5stWMO_aOQ5YSeJFRVX8Pt-2EKNU,VCnYmJlz2h8Y4auLZ8ke7x-hBgBgj_dx5ZrgQJb80SwSFIw8ubIIR5NUDUBiP_6wrYPp-iFAVdJXgA,너굴Man,4780,1605514724000,211
9,1b77nktEj8ekBDnNmlEPYhN-QAirAg2TlgciOe4YWuM-9yI,I8MA23TA7VtQk2NMcwLq-4qNWyITQjSOkKmB-BFpy19NwRM,eLgNyZO-3lbUSceKi7H6zBHy9iAqdDhPFZnEbjxEYzHO4B0NujT1f855FCuCCvRfkytmSK-jMVpJJw,CS 다 흘려요,4661,1605481107000,262
10,Jnun4UcXmdDjLuO3GAAVmnqdBGwvOeFWbpwYsCoKzlD30w,SQkppjUWKwIWo2Y7DJKhQe8BXoVuzokez9Tyha8ThxdL,EgMsZhCWIZCBNYZCL9g7NiQKrmEPwwNZxkEUOipHlQBs06Ii3zQSJ6zziSRlkHFXD7lv75yeqMsYRA,BIBI1,4782,1605205327000,372
11,dmj6NYruAzdW6d52xAPUslkmDVWkKC8mRxm_qhw1HA4VR4o,oCcfHEIWL1pndPUKbp6X9wYI_C-eqUeM7GKNByqlL4CrpNo,90qAHw4qle5YFRPcxpdzUslQhgzvq4QQt2_qnhyQI7371sq_IokLSrdl4K61J1PgwxDMrvMxOgAhjg,방산고일짱,2095,1605492371000,174
12,Xbanr_MmIBaZEkZwr6xMJUQA7xIi8EAPsL325u1QpW0vGQ,xNSDHNb8o_hKvXNGOvqASJXl9OC3G02EkH0IlhwmHJCC,nJ1I7mcCtx2qOmkaDa-ExoxiqncnYv_gy5eVt84YHxLO01HWcccI7rJx1zfSiFnRxaSzXYhSyfVpog,무위무불위,4509,1605408054000,362
13,4FZdYcd876xAFxByIQROHQi0MM6JWNfLjAjV0TJyxf7bkfM,6yXewT7CvWT4vGglsIakU3YwfZi59S9vcrA1prWDtuCf5GY,z9gNVLpLzusWf3LAjD0JB8IFhuifWmK7m3bNMqWeTl1mQ-qNFO3EltBLGlSAwp123OOQld24lNzwUA,새우깡먹다걸림,4568,1605255928000,281
14,nOAl8xheGASd0WwAeTZ9MMqJXK2khy5TlvbkpGhOBdU174U,24yA0eSYdst3FbVZyXuNpk4GXOVHptx_UOH8EbcswY4iCkI,XB6Sip6rK1lwOwHXEznhqPFgZ8eu_pLDCm8S1u2vA6CgpaRp6JOIT9y9Ggh6q9IYIg9UCanQdMB3Sw,그냥부계정이다,4762,1605529357000,85
15,e7PVDZESI5aZYI0hTuzw72cOWZy0xGuWoNz6IiyzyFwICZ0,a4tg6YwCZEtKwws0sNN55OWKwehHztccU1ZyokfRW03YGFw,X2i0pacjCh_NbO-mxLXIPSmmbNK3XdoO3zMnOLc4MDTZe-pokbIMiNIYi9o9vwemGVJ-_Li84OG_PA,Erisen,4804,1605497840000,249
16,I3nUw-OxfDKNr-K-PxpdiAGhXTLFHP-_2vdGQrUTVvQznQ,B03sTkEpO44aJzSR5sVrTnMjb_4vo6YgEQJli7cQNKI,x6OZs2TFDtWrvu_7eKmGGJdJUPqUwJlw92rWISRmaRnp3SWZs8yU7IlvDbW_Ihi4RjApbjzVB-DcyQ,Carim,4571,1605075753000,120
17,OjQI1mzQVLY9T5pvZdF4VUeOyPqyQSJCpNpDqckTmFPcAXc,75pF_6gSjGSx3E6Xd7OyQy0pD89IDcrlAmlYbYPVv__61cQ,BXOcvadZ9U4LHimfhDI79JezqJQ0lwUPJnAavspu1ZBzdM5yuUoH2ILBRHTpGIjngDMNM1rsF4nE9g,라 펜,4821,1605399811000,246
18,HTPfcCvSSsT2rHGWrCInAP0SHhaCSTkRU8aSdrhIGJO4Ug,dUk9T4eXn_ZW-zyk7VyhX8GvHZqYWVpT8F12iXkHwTMy,tHhwmS5Euph629LKdUg5CfXflUeMtAL4uGfW2f6YG8w-nQjb7JvUKQGLnHkPjQduYsU_dR9qi-VJ0Q,군필 짠찐,4757,1605306995000,188
19,iI8k0ospdA9eF9smqz9T7cYfy6fsbpzuff5wFQwC2lJTvVU,B4sCuDGUADKlSxs8BOXNFWB5GEDT5UOBdEz4PmZjGvpzvwyr_vB_vr6Z,KqPzY8XZOLsu3ZhBAwuadE2odYWfeo3HkVBwOgqctiAnGdXhTFJMTRZK5yopztdLUgmNODTkcxg5NQ,4Seas0N,4757,1605512969000,195
20,SG3Q4A4c7w5HooVikMBAbhyNQbfgpPHpgU_pN_dgrtVb72g,9eDgYTBpQtJlvbzxSQFK1xk4iQWPy8k8HNYk15_umxXJEEs,VZ-1sVWG1gc72NYlplAllb13m78Unr-9i60qAaq_XTBIQWiJDttStw07SM-BAu4WfBdeAudcTy0vFg,선한우유,4706,1605338583000,161
21,6eY1TiWvYUabE3dwhWgTF0eIloZArnCQNVEtxhLYix-8s8M,2AMblchEtgciZqOpfbmBZNaRjo_vqvb8ft1lFESqtiKotx8,Zc9in8pPEmYEuKI_7j-LTWfFk-FIbOcO67yJfNbfquhIqZrhaX8E9godiM-k9565G_km3PZ6QLTyBA,다다12,4787,1605419468000,260
22,K3CFygBKtlgNP1y1h85Yv8__XFEDxiF0YhxcqUS0OmfCEA0,M_UlWtSfnVjGZspNEcxjvejc0bKFxrzdfIXQhrCe4Mej6vBotqlLj5KA,HL9kvemmCw4S5cDM74E2fLnWlnvQ7stGmjWBpX_zkhQWB3x30b70tZFXbp5uALFmOdpvkjgt-KPa3w,바닐라초코스틱,4706,1603692796000,162
23,eJbrAlSyxUzjCvumL1-32zcGqZCMxC0-xbNLPcHbpRYcbsk,MDxCYxa7uhOsKZLTEz9Y3XzNopLPeqXtp53UT8PnjlOUiG8,zcwpvg4LNOlm4lxpQbF87MNmRvYDs5O_tuvj9kxvFi3JD2xsH-5EEV7N9vPMp6WK6LYHGloXd1N2bA,kidyon,4799,1605387407000,291
24,7VBpD1txCk2-mr8YwJyxiBwiL-cn-JpkGsmF18Kx9Kb060A,I8jki5mnbQjsQ9bfA9AfVGv6QOzIdeYxQc_4XkyqgptiKuM,cgmIphidzxDv1DxAk-jCiTALtNaSWLxpfre5FRl7YrKFdY9ULyvDumvwMnn3RxIAacq-QRmE_ggIDA,아이vv,4498,1605504261000,182
25,q9I50FyZO3E3iC3D-ormOwRVqIg5hAZD7j71aefZeIuBNQ,lLbT9aL2iKFc3JF_tcVf2iDZvVbyIR4xgbQJCD_V7XsH,oFA9zLY8qrbT7IVuukg7ra5m3ZtQN0qDYemA2VtND0jKEeaTbmCYwPtYoq3ttf92kjngRDPr9TqQ2A,최병재,4610,1605510820000,252
26,ONU21CK7biMTl4oOYsU4t6JzxofnpoxamsW9jvkLzZkGQrI,3AjUky_W2Nd218OFct29f_OYQuveESdXvZtt_ryzGfTX,GU7Pji7gYc9GFVG4RoJCKH4eZ90c4pcGXbvoicvgQilCh9C0PST1Cjb3u7N6RaI_T00Mk5YW2gGRsg,쎄 리,579,1605491488000,225
27,yjPq7Q8bJo-GHgX3RyAUK0edk_gEgvPR9NYO8YjYTECO0YI,z3fEEDeytfX0zdqKKl64yyc0iySg99EzBl5lOo3QtNKa,R3SqOPpacBJIXtXfxYrfcwAOJyaa2xHwY31d0V1j3y62ece5q-cOt6XtE7cqOc23fFalrrdkgGHFiw,Elendil,4675,1605411823000,174
28,ww2F2pBrH7oHIx2dnmNoB9Pm3QIFqKdnHtryFX3kDJdfyQ,WluVGY8kAyqNJbNOvlkyun8dSV4hVnsEcxqZ9rM0YH3L,p6qKGsOpCOMq-cLukQli2nj7aSMhqNEz_NKur50j-JkxVujtXlbZ8NiRTgB1SK5F1QunMtMkQV9dvw,자기야 어시먹어,4021,1605425308000,267
29,dN9FTsd8UqCMGyVk5oNyMonRBdrK4dIocv4DkJ-Y5pbhjO4,FC6dkFBzO4hLTBHRqac_ufS6Gbuoy0nCHf3dJ5WZ29SwEEF56soGxGZ4,fzJLk5uQiUo2o-Zj9Vm8EmcQaQfwjV_WkBQPnevusJaUFRfE1hvnvcPwLhf8v86YPzcRZfwDq3M62Q,SKT1flexer,3712,1605326734000,68
30,23kaKvnyK5glz_TmINy9wpfNQGDqNM6hagbazvKuUO8kZg,qlD0oWJppwNxoUu4h-BVfDwA0i3T29JeCxUHo3s9M7Dm,nLArK9mKIOPQgwwcPAeKa1_bvckh1nBjS1rOjVlEA3gMOx_ViEATPzlE6q8xK8UzyBxqwuxB-52A0g,큰애기,1458,1605399305000,127
31,nT86ObeuZlgcfz1PQBEhlAcZt_d12zsrIs1cVjSHIavwjLg,AH-J76gelbJl2XDmD4EsgiCSEEYdNpcfmgSHj3edF-T7,LNi_hH-hQ5jLUo12gXc3diqjyZdDeEEBlulxLWbkfNod2K0NYPqMdnjkhsEag1Q3WApH4DLKQNngTA,정글버프몹약탈자,4814,1605525039000,259
32,i0mpwixyT-Gw2R8t92nnUibm4wEh6j7s61J5Hvbe2Ee0_tA,wX9H-8tpw-xBgrW9q0C9ohP9BYDWnFHDmqtgxVFgATsr4Rj1t8ft_jY8,Fz_NuKGPa5mbbJjumTvB8x_1JzEqkg8S6LT7D24e5DS0wDzCQPL-5DA6s3M0cjA_fxA3TJ3RPU9GPA,R3qu1em,4763,1605137782000,116
33,f8AKYNLD2D0ttEIj4kER_5uk4m1aC3aylKkdsbUQkScaf-4,R8xcl91LOY38u95WBeUTy3I-JeQi3oyl6CRoEMafgVs5jCc,nEzb2DsDqmAXcyNtanU2TU96UrJP_y00oJDsyvfOHlsy60ahPaIeJtqWqrWk15EyUQib2WRrhp2MhA,Master Top laner,4707,1605510683000,211
34,7DC4vuiBw_RrGNVtBp5CMsDR8d4nLRbiINCWSh1gjtUwwIs,q0tUaJ3gAq0XkM7zEIy592DKwXsqqggBMKV8Dg5P6jMwXNH2aoyX3A1A,khb9HTMS2keGIVvIuRO3nmRuLchzMG-JngxWEpnWqMZkDzoxOgvZKhdYU5dmhtSYpbEeonIUdA83BQ,강등좀만더하자,4249,1604698709000,51
35,bfLIbC84MeTmCEu8QTGdUvvfKy6xqAU-pCUXWfa1B6l_hg,q785vCtn8un2XR0fnlQ4azpKAvZ7LwidbV7lL2wcepw,b_DsFqdmeggbmNqVRkwIMY0dXbVrpP_RmCMXkWpKaw9sVK2SUMZPZxhsqI0Q9Blwweejh2_E2uD5Eg,lSilverl,3180,1605174871000,311
36,P-FAyeFE-pi0ff09zQ5LM2mAM6izoOtDd2MG4eV2vBU3NQ,kskdXZvfm1BY8yKGJYPU4NnUYmpVpbsBJeFuLD1GRfoM,MaQVKHNfHQ6QZfEagkko-CmlpCrJFIGrGI78avsFdcX1xvmxRSqCIoQ1MiVKyl3JZzaeddfS8cY8lA,스나이퍼쫄병,4368,1605513881000,198
37,atMo29yJJ0we_4fdlNm-i6FR-G4gsrZo_0l4xeYR1-Ug1A,oGO9aG_YI9MBJZIynCaDopVJ40xd4FEA-s8528eGvnnv,lh0o4mxm3ZcORsF0YotjOGlGSxgWVa2H95INo3VFWNvXuYGCKdrYPkvKxUaD_6FOqL4SLoIUD-ue3Q,죽이지마왜냐면난,4691,1605517056000,276
38,U8Vqja-2Hrr_0h8lY7biSdODksBB-YYYz4KF0YfIa81jlz8,QwgwqQRS2tE40xjHELeZYmbu-I5w4oTxg8wltmBNBuJFpFg,4QpdQW12GKsOmu5860jystxcxhiXu91IJDU3ai5TJ1gALainiDLHRjuOsW9ky0y7xw7DYUJnbhlDTg,언제나너를좋아해,4763,1605499696000,179
39,iwSQ4Cw1o5KA0ZxbueMParZGB635CMfejkkWhb_t72OfECs,Zy97XQAcHvAdkVLSYNvXXQLlExOYh9W512SMXV-32TCfZYo,7rBzBtKMLAurjrL6wW4CuJ8TzsK4sXVh4EhdV4D9eoZpyoMKAgo4MTmoNZAT_6r7dgs-eedAObpGtQ,근 펠 ,4658,1605505589000,227
40,vQorj9coz3UFVcIWmq9ykxjpxcWERvI9tkm3onsQEP8uRw,8tYrPX89DqhqovZ_hOltToJGF6t26fG8OrSSvfaqJraK,diwDVGiVYAf-VhXaADtcRoGcGshZKYMTT3Zi-WZMSSOOj2jMG1hiGZe_1X3s0Pm441qHZP9MHktoeA,GazelleThomson,4748,1605431391000,211
41,57uvP2aI21LJgckrhYBquH-K4Z6I46nmnl_-T6gE5o5O_Zw,V1SBYl-kRlTfHFjAINJXYhqDi2-3iHlkcdPOTcATsziEXXg,zk5vaVInDfAvTb2eT3x9sPIEOctpaTjGkmHzluFGnmayWNs75ejbecHsviAot9D6nBGLQOgxp0Nf2g,세계 물의 날,23,1605503483000,163
42,xxYlNwYBW1k4STLqH7pK0plzjlH4f5X_deIlX32xCn24dBw,QjXKVDhJBzI2lG9JWH9uT-IL8VvvKITLwh-K8SLnUNoydFY,2a0_ZnuFe3iSI6wxkKQlXwEd62oe7r_6OCGdLK6F5h6CxV_B7C6HNwLS-O8xB9UHJYM7MV048CYl8w,수면은살인이다,4780,1605172783000,135
43,lDEBB487-VEOp5qPjrna_R4d7nxVqvgXo7LQrrvYN1RCh-k,z30R82gVcQkR0GMxQ1bsUxq2B7HJpBeabJVdrn9mUgw69Jg,Eg5IYAwZIZPg706G_njYq9amSUy4crR2mh-d6CmgtF-2YV6Q6U6wnzCRK5teMRt-k7BU-c95KfiUAQ,뚱카롱뷰지,4787,1604737542000,229
44,3BJRONu17tXJMC0Fg7vQys7CsOK2CZjGObkJK42Oa9wdUN0,DFR-tkQebFYTzsaNxLyHr-i2gTkzgXUubsQuRgrw-AO14yI,oitI6KZyQmW-7-ghUs4Ukd5DsWJCyp4zkPXjrgZv5ePaoSIKtnq6hGQ99QyFDx41ToKeB3q8db272w,움직여라 집사,4628,1605482643000,484
45,_4YBshnHeIGjxhVb8E0nt7ffhMwexgdII7wXS4HgZj0btP_2,WWZNAgIMSFkTlFpRMUuPhnbwfWYOSX6jVOgHofv792pBU7HV3idu3kMF,46H4QRqfA1jg79Mhrq_E8XOc_PQ1HIAqG22Fd-HNEhshbBOuFq4vpTIY5cdVuqd-lOhMlJSvfra2Eg,YoneKing,4796,1605581671000,87
46,TDQkZQeAFIBwye3hi8tXIl6nbSIel8cgdQuBXIqFO1lizqo,6dmtL3lb9N1KsPm9T1jv_eVEVz0dCj-nyDp-yGn79OuWI2I,wOYnYuYs7DNEwE-1NkBbbuD9YMVApVEWHiAVfT3cMs5-4Bvcoioq1gWRmir6JQIsmUPPOGv_oeBgyg,나무위이키,4763,1605051976000,274
47,QuIVUtBZMeVa-CDprfbCurK9LWoHVtu8yuM6V5usgQ5zhGc,XFxNHbWUoa-8uFBTnobEfhgTJBxor50FKkByLFKnLl_I0Y0,jMRlFGmHLHfdPAatrmC-eeCX-MJnOWyZvhEsfFKGGSz8KrWh7NPIkZpxmQ4Yp3Yq5ah4grgzuP1Pww,심해 달,7,1605423683000,423
48,nYJm0Fo4jx0_rgMcng_1NpgbsKJnmNewlPECnSD5fB5FZM4,Vq6pHxF4jxG7dN-deYBavgWRD4ZPMWbYxwQyDMsGJg_D8-U,THsTqycgXLdlGMJHHStfGtAMeNJIkFHqEn6hcRSXDLNQHk99nCQJ0fk8_KM0bOvhwX0fS8VccCCuZg,은빛체험,1625,1605075890000,169
49,GUl5saL-pb61sVWS0xqKSOLOEWSAnM8VHk3SvM6x-brnGw,IlCK9ehaMHczz4f1ZRwbJYMwhNkqCvtRD4B2TJspGzaV,EEOs2gQLSvhQwRLqqfwPqc4PLFLL76hi3a58hoQ8l3-ZpO3VxlCs5tvs8iCITxKHeESQ8PEDlnMOOw,finest one,4761,1605500506000,169
50,oe665CdhUhQJ3uBuq0qji6kp9uFSA_VPHyQl8sIIFSEN2g,rIikVOr8IG56PifEzpzDlwCzTTKMt9X23Fn7Io5WnXp0,Fs00_SV1djL9-1R2WtYaWK1q3Y4OTCh3tFRQFk4vnDODngZiUp14rcGtTHxzTzi4SuNVkNLL4ULpeA,Siente,3614,1604452243000,227
51,nlFKfUD3OVo78vgxnaGu6qWGvzBKvsWCwtQcf5v0g5dUsy8,ymG8nyNOGcvXbf8CjDiSBSgjFmk0VdtQJVFIDu2H_PgIJHc,TK3bm6JjukVWCZ-jpGjsUu5gKBvspO3jJg3C0k7v5BsDNfNYOC0VVImSw0w3zi-opN0owZF0apr87A,버러지형탑라이너,4690,1604868788000,199
52,aHXQ7_jxlyq_lktWV5tRSOD62Sbw3M0vrx2DrqoVu4JyZz4,H4yLyvGFUd3V3ETMsHipYaTpFoTEN_33bjHdWkM1nAsoNW4,TtycOqTlTfKDxw07hBdK3bS8snKRVw3DP3biyJBZNmldNL6YamxwKAjG_CbhWOv4fz5Xi1paYunfpg, Fourier,4027,1596353714000,49
53,UFof1lJAitpJAorsnKhwYQGgg5w9SX9EmJ57idffbot5k04,CoK0zTewZtP-U0McqD2HO2s5p-oYISqAV9ZA-FvSVC6oAYg,vGxue5Wwt6N7Rq_NjbjwTp_AFVoZYBsa7kgmmbOaYCIGUijpTfRViDUaq1ULwtjR5fd4yU4gHvp6BQ,FeYJ,3186,1605416773000,273
54,1THXLH8tNcWTiWo6cik_sZ98fTfiW-EPOyRZIhpXeSsq8g,Uu17L3O5RyqemA1AGZe4qsXaORzqGwpSHHXAbqS2k8N6,dxbl1vsvBdgFn4IW6EmA4wsZOIegFSPKyabuLhnl_uAGlTNzFKWzD6yTZ3sSJ2V41zuwstiWjnYMyQ,vega고프다,4495,1604643497000,158
55,7ja-Pe2QIG8-U4mURZUhcG54hMwEC1q0tEKgiukLxveqfiw,Pb7h0HtxKsd9usBHOzuOu2CUC_CElMiIYq_SCT4XNV31Byw,NhWV2BOL-zQ5qFGjmRiY0Gqp2i2sMSTsfJwhxpRIYCxtT33v-4h6OhfU3D4Ea3W4o9PrFyL4BKi6BQ,리누스574,4661,1604780818000,223
56,0WWBmQH4nC8A3pUw4QVV0GnewHtTE7sUM-Dq-vG4lWQshA,NhWZq3ztuenKZrGmC2ZGfRnuFzkoMCO0jY4-KAlhUm6u,pmd3FxGBjFn1J2iyzVcbam06eaKASpK50rpNNOWtBuYdyNE9ESy5NS6TAgNvI6mQ1y3luGHuwKBuNA,스피아민트,6,1605520211000,181
57,eb_xxG4MbsCF_JiOGwBUs7JB0yk6YHgHfpSsdEarHzO6KB0,oHYccB-UbklK6oAlzmu_m_L-alZX9lsdr7LRBic-3GaZTS2_opg3Q28o,XmKuXDV92f4LuFBL3ag6fWM1Atq9lBQUWPE_m3S1PSZ_8OwKeH9I0bJ601oivetOj6ZOu3bfrp_tkw,정충택아들,4794,1605334275000,307
58,AcArEO-PeTTD8McJUEeDHqy5yeTZhxsjSQdybqYGB_GqTw,mH4zgCSwQ3EJw1CNHQqrxT4CoCw-fQWo5EglLLlAGEFS,zGZif1dJvsPrQmYDOV-EYsao2ByI--VxpxUh8YdOZE1bOGzGOfc2UJxGbz88nuoODcDHgkjpEkDXSg,Ranfe,4787,1605168795000,143
59,C5Iq3e0t4OFQ7fj6we0lTiesPofzIctQnioAXvpEko_isw,1kiF6UJKk2hrWW31dYIrXBDmeINhJijjMPFHb3lArY5W,SplfnASEyol8whqvKvgGLHReOLtqJbHuZU_dWViI-and8yJEjx1mrlPlauZi9xQnrxMgk4gL1Bl4pw,MicRoK,4707,1605525183000,351
60,gBkG2IVuzXDR4gKBXtqwUCmSSaMBHV_vZodXw565_id7HQ,9AKouJ7iftbo6uWrWuuddmHBxc_CpLNRRHhumU3ScXY,xRa3v-8JQE8K5_Szq8PHdJQkRksmEL_b6OT-kB989U1fwWjHj59evECtA-Gu2kRj9H9sDGElX-ucmg,YSanGY,4707,1605422497000,315
61,V29921HK3rjyy2EYRx16S_YIRiQpxUi2lUx4KfERLvFGMW8,XwH-mR06NdL0CJrjjBSxFrqH4J9ymI-kbvkwZ-sqmMnHJVE,bm1vh4u5c6NSTRUBg73DnKytu1Kd08WAsmbkOzLPGbbEmJRkXbqEWDYemitCm49WrXvMUEZY7aXGiA,Marko Grujic,4795,1605496823000,358
62,GWQylvwAcW5cAbuwvs2zBD66blZwZ8-ugfv8mfAqXINMkAA,_nTxdj2cao6NuXGkKRIOeoWRfzAYdhEbCb41xzRjjzG8DZ8,nRKx0jsOYlF_egCSDPkBicDbjXA_Nz4-o-qu16HFqkL14EDBeJJmzcqbtLOFOvjmrKVf4ysO363fNw,고양이 킨드레드,4650,1605426141000,155
63,nIEPKd69r1eUjqvLcXWB832vARG4Qx09KmZyNlLRPAtf8wY,WSDdiNgw2B-2ZPlaaQ4YyJxHKBLN3ptjnhMgDlTHFSOp,uKLtYVL956N5nxC9ZMak3vvKZlafsbZ3cW_ab6aKV0Yb0vTkKDX_I3H7p_X1aVuZ67j8SewItEbRnw,김기비,4317,1605372069000,144
64,CTNpzkS1ASDRmeZChZDe6MhSkQgJfoKiHD5_kv1mxen8WGg,ooOSKGcZTjpnpHKXsWZHH-EMt2xdc7eJQJ33GBrHksox,8rJjf34EpfUXduJoFN_Nhyw1FOg2qQHRQJj9xcZdp2XKOhrkYt0guCfQUGgz-9F1zi24T-ViqIBsOQ,귀여운곰미미,4655,1605346148000,141
65,IwaymOlCw0U3JOP0LSuG12dWXGB_uZwR4cefudTAdZX81A,YLyLtKRRwIZjlkYQVXEr-9cDuAOhvllv3-4MmRUMWNk9,a-4Mdgqh1-oLRJnmepHORWeQD1pPkBFrc9uE8Gww6HBaT33syDvV1w8A1HC36E6Ntl7innjKkw4Yyg,감자국 탑솔러,4213,1605511370000,146
66,CkEt54EjBrhOQE5Vv_RuTds1hw1p8d_UqWDi812Jdo9kV-E,8vFYqcWusH5BO5MPqtw8NQkiVb544XkI_uHbGpfaueNzFlk,PSjmjt-FHkHEeJK95ngOrZjgnsqN-Q0O1Zs-sEiboh5UAej6UsGHI7sYKMtDxnAeHh74RmRc-6oZCw,무리의 노가다,4658,1605545850000,97
67,kmQ25kvz4Zux_1eShQUw--uxbb1n3qWlxZEpqVXbfdwV3js,Zl3K_iUJy2haTFM4HSiT6PorS0PFCb74FHOKyKVwavl-6csPE3wGzTR0,leZmuC0LKLB56JGD5WmADOoi9KdAFhh69vW4E7pMb8qi9Tt7uNxR10lFjJEQJDSqnEGIcg2VAQRJ4g,놀 랍 지,4787,1605322991000,168
68,5gc90FerNr0zP4kgAwCgjRNLxdhOUBR2p7gEMZk5fJSaAw,qGUF6dNLCtPEBka7CY2HIChsyavAjwvDy9TdlLctU66L,-kC2sMg2qqWWAVuC5BQK5bNQfHaGOGOhAqL1djjlrrMy454WhH3oCF9NgT78S3bvMapMEmVe9K8kjQ,올겡이,4659,1605408967000,305
69,sq2ovl7tME-7lNq80DbtvP8zwTdUMAQH89oW3FBJbSqVkjU,eWe2NF99FUtP4C4rvZ0xzyDt2bHu6-ZxJjXmOz0JjQHcRQ8,rL4SK_3fnB7ifDO68p1L6We6BHgUwq4o8wobVQoLrRHB82tcXy2pArefHUgXAN23v51vZYAhs_YFEg,Sacro,597,1605436998000,83
70,gMqcluIXNF4UpVKR8Ozxi9BRibiydp9IXaYHEcSRSvDXiwk,_9J-7179E-moY8yB7dQsEdnJqkeRlZvG98_bqEpWleg-ukk,g_D6VRJKU3mOju2YvIynQbbIS1RiEXbHQtx5coY9OulTz1_F2TuQzCLCVvADNrVdmpQkpo4CJWtbjA,킹받는 아이번,4787,1605409815000,167
71,ztRQXOqagEO1pnALzLZ-VZvjtZLJWX5wOCDEe5p4F8J13aY,7mE2SywyylwJLn5_0ae3I8NboAYrOLOybOTfo3USKNHKb-s,HVAn9lE64V3B2AVTatdrUymSikq0i4av0jciPtDe7wIjsG25lQinXN_HBpiJoWpaJYgmBJ0Z-r6doA,니가 맞아,4779,1604346024000,96
72,25x20ymglDC9Mxmb-iCCv0lRrBpelmPs2KA563526m-igs4,R0Jr-WiU9u90U_sO3An8esFnFXQALa6w-H8oMMpg3olN4XI,fCdH1iAwHTE5opYgknDELLe7w983-Kbz7QLRhSgVJGzAGF78ewNURsECw8YMRpJqKFAenwjQXoFuPA,연 보,3184,1605509786000,169
73,s4KWBwhSsW4WfpGXfjxQDbKFWsfWCUemZ-pvEKzMtQVV3A,DMlIgsuLOqX8ZQop6DnXQ3_Up0vLP1a8UZXrI1JJU43d,RtcehXvBQhKL5_HHoRXjBI68w2iQ0D5UxgOtyf_aDaFI7P6dC-cApk53GzBNmUJrLw4e4P3Nyja5Dg,lLu Bl,4763,1605485574000,246
74,H1v2johoivwNX7f_7xAW_f4IscmxfXZeewuq0FjzR6DnHMc,mlFJ0nN-pY9IyxW4xVv5ihzhMyhUb4xE45JQf7bvjkzKSno,8GBAVKPs245W2lxPgyS8mUVSa67Axpl-mtdERTEh0bDqkkcNJ6GZVuUxDMz0xGZim8eNc-wmCzjBYQ,나무정령 아이번,4699,1605489707000,364
75,96QLsM9gLRxEaHXoWUaKgkY-kGZa1yT1ZrWJ3qr1-UY8dLM,Iu66-CtW5tWLes5W2LsxYvx2T74Trt4mGg2gWgptekmfYHaj05G76MjC,VP5Jt6V4a4kFp15gjmIM7v4eMH4seN1qVM4leW5RR8VnLErMhhS1xQWhRDs242BhqoSk9McHgLNZgw,나는롤을못하G,21,1605047412000,134
76,5lfmTUyXaNLet6uPJRULswUbftd3mv6w7tk5MGL0TcqyGJM,pxZAbJwIAwFMGokj9vo6vlGi_YDtiEmFymVnzGFBzg5QmYI,yt_YF5A8V5PZLKMztYXRrQ2VA-0cwUr8LOtikZKsq9s8czdwRU9GQ6v4_5sXYeZAlLd1EYgdg9pgJw,ungentlebear,4755,1605029128000,199
77,ozAQPDoHNbBvjsDbgD-7ByC5aDFMbvCGrRZPddeHGzOf5A,LVkkGFhxSkbiUuxcRExv_vASvus5tIM1_BLBXP087v_t,_ppqJ2RU3LE7n2ovs3kVkcNHP-ZOevduGldSrBk9fIhjsWmsvojN3xAkF5eNXYYKmPm67dKDkSsaKg,탑나라 룰루,3024,1605510546000,202
78,mIdD3G7gXVJGwpCozlXnkSVmRQoEGoRNcK_99kU5A3u2wh0,omtyRXeQiwlNjX4MbRQI62AEkaOps0f00YTG8KcaFFH8VkY,u8hgICrlJlyjkW4TOd2K8si3kvbvMUR-SNYVKODuLy5TVQgMPAbi6HHiHLpNKgEZ0WzqqRbu0q9jcA,ICANTPLAYGAME,1142,1605574983000,225
79,lalFU4nqCJmDPuCJpDC4GW6wN_hqeDNrRPjpbB8AfBGWf5g,SUBZlJecJqCcqgId3Pa-4T9esTtjafW6J2V2JGtaF_cfn2c,QIIAzTyaFv_nY-znVHoW4R9Nd6phWLYWK-dlYw8uwXxdHCni3_xreXfYvDOasPV4MniMBYLB8ZZuJw,괴정동 전쟁군주,3414,1605470956000,258
80,u3ey0d3y1b5RvQDmhMAxl7PhOZB9_DA1SriOWHC74OEm4w,wP6xGJlztdJYpS_pSaRUvf2Up5VnSPyqqFcZ7mY-6c1o,3H5H6L0u-hKl5gAHNic30kI9h6DSt1TD7YwYkgPZfuPSUnBqZdj9M0dU6EgtWtCrvGSCRKf4jtQNTg,사고뭉치히로,4707,1605425406000,184
81,oA9D-ilOeXpEb0z70Ob2Ei89_ZFxtlwmWGvrjUEquwoX4oc,GQ_3dc9MojwYNe-n47EcI6gv2-rrWo1mW4N7GHZqv153aCw,St9gEyAOP8YBoKZGLxsB-s7JFoU-dy44aKesrrcfTk-Cn-0dTRm2_eAd4Eo3PpDlcnBX3dhxx9qkGw,셋 비,4777,1605566971000,166
82,oO6IFcZFdlT-Qi1g__wFKRrqvYoSe0e_JIQPk1FmcqRBjA,q8O2Rw7tbdNX8Hfj9QjLd1hD1Ez4mnc36yD4w7gXLeYx,wdvpv9F7WR86Qf9rK7mhfd4vsXk_kspqmPNYhwFrrKoIui2-VoYKKI2-jRA5FkrOse3L96flApx1ug,탑솔러는평튜브,4589,1605508333000,334
83,-oBCJqh-30MV7Vm1aWdgInF03zzMuJ3C2SJW3cGf9lmoTKM,bfIFH0azznH8v1Od4kqGzndTAj5lkDZpJqXxbK46mRoapQI,fS4qL5_Cd4q8B1r4GP4yEdtUUko3jG1kuoQrq8nTMytJ6gDb9tJTnZ3ZCQHzJHDdkoI0e8GIsIl1Bg,레반텐,3878,1605503245000,305
84,KMSla8oKJjKOpttnGgC8mnvw3fAjldmVTfKqOUkTf5q6ykk,i6dcdgEe_6v4bMUajFP02XYiIEN8TeH9gDjwP-dYlD-a5iY,NRBUuJ_M2dZ7wiibp9QdQECwYIYANvoGGbJoJec1pK9LHv9_sbaGSx_dPQsuod3F4FdwseIwSO4yaw,이상훈,4786,1605199018000,348
85,MmGJWumwpp22uZHKT4rouX1UMs70kREvsLoHumN2_1UMpA,OJGMWOv71lylUa74WB3BfOaYDhjBUYW_10CwHBaR5MC9,hTUjLyTyw32RVfYLWIV9JgzyWtpG9vHgnrRnOhZc3C7KJ7ynIrQtNNTNEEANd0ypXVk-WpWN8crolw,Dk Sir Foxy,4206,1605482411000,135
86,2qrek_6giPlK28wnCigKdKOXbd7cpOykOpnwvHRNeJgh9NM,Kwnem-F9G1bQAHMn7gmG3J2N_hYvS6nRW0hj_rpmQMhG1em-spo1CPHG,3Ly3e9OgMl_JZTiLqyOjwfZdquxYKsKEWS5VdSMKiv9R6KTXbekx0Zt9aOhNUhiQis5wZcqbJqmnCg,HUYATV 1linare,7,1605414083000,247
87,Dg4Kig36LH08cPtW-1FV6alDuHz7BHj1RZy92ZMtZwORT6w,TXOExFLPH5JpAEgTkjglk_PWaKMpbA52sPRD0-456bO2AufcTx83_rfk,_yefBqRVKtDNpeZsZmfhtWh_didlV9bp1zRLG8agvH5-RMBfX4jboZBmcaSWoMnP6BRZWtPwIBflEQ,MIG NoBK,8,1604712803000,36
88,puxD2yttCMBQAuWlPqc1URpFHkwB_WvU-pYn60mOFAKf3g,_GpD0Z6F-FZzlj4PTK07DfvKEl5YWDNSNDCRjRFXLgaD,b5UCPDbJmFvefhUIsSn-Goamk_7jT2y55jQ1D97UKQTERPyrcwQXwImtJpfOxX1vHn5Iv6FdxEI2TQ,놀 먹,782,1605532933000,275
89,4oa_IC9UGwV4hXcFapCYQKaDuaBPYeGYxmvQqzVcWy8TCg,p2zXBps_9dIGPwHTsdVN5cZJpo03sFIlHSLOUXbqZ2_C,o67jgmI9a9tiqPTRckEHik6m6xEYZ8pz5vR40Cu082x50tu0fjPWTs25vMjW3sHtU4PtUFXuwhuJoA,다덤벼시방,547,1605478722000,76
90,rowOW9kO_pHRffftrEGFAQtjPBMSGWwNymKvtojjspKZR5g,wNoi-N2TJAUnWOYtwyPbEduEUsLM-VcAd_n1CzD_Bie_gXE,N7d-g2TfmLt3a65x2G9L4sgdcxO414YPdMIkEwRS8W4Fc4WfG5qkIznEIfh_1nJ8O3Sm_JbGpxXv4Q,짐 승 새 X,4418,1605350392000,233
91,AyXtocqeuSjQneJRVxadsyySDHqSHUoZeyM65ZxBW1IHuw,Os6jvahUcMCCVk3xRpMVpo9WgasS5j1idPWMsMil1H3k,h0IfK8bpPTYJf7xEEJiPwkxN9rRo9na8-gqPY1gt2ZHxPIM_1GRjyObGl-qiwsIEZ3GWn6ZhFo7xFA,풍 견,7,1605506083000,242
92,ZjFYovi7BMAzMQ8ZgtOP1TIil5dUwIPOS6v_uNkNTC8wviY,nCFMu_ZLbUlBW9rBkJ34_cSmfjZelM0KXF3AbB26mXjH32E,S91bHb-qN9APqOjUwl9CZWQnoBew1QkBK4MLZThGrq4TdcVlLvPpaFndN5BakaUeu08v8dnR9duhsQ,0Kash,4758,1604590628000,280
93,nYiT5RmMEl_F3y6ir6mfNvxv34XUlv1Bq2lmrG-JoSUBzQ,enr3cXqNo_nFUZX3fUz0ZEMvemj2D2BiZEV4WN1yQHN8,--_f85kjfs3aZ3ZaKJyNzMnVKrcLBUQNiDlgqvU3jx0hpDLXvWpgn4NC1Oy6G7ZNdBQvSv00AdQKaA,arctic sky,4568,1605259597000,164
94,heCYCfPvQ1X3lgwvPCc0115dH7zoU3pScTJr6bvmwF-3Qg,Ca944NgFTEg3jB40DDfqRtDsRxSRjeCWEUzC70H6MxM,syV4RqgneB5Zbpa2pCy2GJ2Fx2udPLTKGtc6AaMdlQYA_Y0rKFxoML8BiS56akERYQvQ057qGEUxCg,탑 압축기,4474,1605424009000,225
95,XQMhNEmtXrV6UZGIbTtHnwf3txNup20fEYl7xGYVrXr7kKo,o8-SfwyKQqzBKHIQbwQ5YbGiucSV2aP_GynAmImj4-xwxGQNPCBjmq7I,Dd4J8VPf8UoAOXxSZpxq1fLJQTocp00764M3zogayORfbE_4BItf6DazcN4sFjRxhRVp6Z3-kEfhOA,GaengTa,4610,1604449602000,53
96,wfSDYsWscjcFpSvRsI1Tst0YLLs8VypAA7jlFgYHPxaue9c,89nr4T0l6u7u-9wkHx7plmCTfdt6-3SLDe3U6TKd_BNOfI8,DtSRissG-7WXstGbmPVzhl6vO-a4CC11K6Gwv8KKNFrHU4kXVxIxu5kB2CO27n7fuSFJ3yYlXxC17w,믿을만한소환사,3009,1602726214000,167
97,p-LrzZcTE82VHYB0NgGRXGMytTUn_nZMdqjF7v3ppGQ1gr0,TN1tRITAt5sTnSpGdFL99n610jUxBcofOGD9_EL5TiyJPVs,oQl-7BHPYiN3xOKLRUt4PUuGtmWKiPWJ1633K6cgWa_OON4ENpXzeCKuCnaK0imQNCiW5eZwnopW1A,누군가지켜본다,4667,1605483411000,249
98,1SDrUva7BnUhSpuzlc3pWNcLcFQZqcPc-Vjgn0AK3z4u2QM,Z3aZztPzsk6toA-Rv7yEzKB83d-a5bJYvq-EAMe-8gDOIUTzOfUHQc9L,VZHH42EiYLQ5IbPDY_xRASJ_gzYJTsq3hqp10TnkFoz9kIl5uY6P4tMVEff-xBtycn8JZ4eKGjZkig,KyungOe,4707,1605473381000,133
99,JEFtZKiA6p1X7rCrKzEwuHd6SGpavRoU9o5QQn-7_tj0QA,3evePAUrHaS9SKi5_me-hZC8TbCn_HtZ7DgKdbiENyqC,sYbcH1LfHiWONVWuXdr6yp-QItzdLuIFS69l5ZEFusoTWAm0VODPNotLPCbv9MF_i8doaIvd95GNow,Mr Win 9,0,1605479605000,242
100,Hx0bJQ0enDOU2-4UVY0FvZ5dC-H9sY8wwSSvSrZT1FzW3ig,ajP3vm_2kGr4ZOXVuvzl45pcTzZ7Vbyjo-vjlMySuLLz-78,sh3utJpSr5TyYvNKDsKxnmWeYWHPPOH_mWQxaOBzxbgzGdFrEw7Ek5hRHSAuzIn763bPwfvhRobWbA,월 은,27,1605502703000,245
101,Y0pMddWmexvTmz4ep-CUfPdQZ0GxFH-z4Q2mMdoKlVzTAFU,lrl7_IZHoZrVVdi5cqioEHvEbrPV235km38HXgr0g3WUgM8,KRTQITgKbm8xSgkm1uyzpha5na9oAi5hcbM4X5tMtzli7FR6KHPi0a6351g6srqvsaS4HiGBWTCfBQ,방패기사,596,1605516077000,244
102,5nHOT-cx4yiG4QB8brDtBP31updezJPe0n91VUJap3_-Sx4,fRCI3Xn2WhdtrrFBM2AZ8JujRwzh24Jm31JUe72mpgBw_DM,4W0YNuzz0xwzDJNOCGkiF0YcDIRkxlf2Dia3iaCbVS0oNs475fc5bAwQWQEyflYtW48xKl0dx2HPhg,Jibot,4763,1605505913000,382
103,SD1F8ZKzzY4wFY-YryDradu5IBNNfaIuU4EcNbV4LfdzeMs,F7GtL07eoI87XyVsCD1ldBmobtuuvPsAm2k94_xdZiCcR2cZFrrkJauh,2DnGtlHceWZTHSKTVXfAwGlvecl3tfZbt9KtrsgMq1X4A-xGLOh1yAAFknEOwfa-010OhNnGHuUxCw,아쿠시르,3840,1605308456000,52
104,DKFOA-2dF83bGtTTKKmjogW63bmy1OsIesdNlDR-Y42gZ1o,S4f2_UdmY_yOSlEowdmGaztprElkzengfNz_4o5mqgoCyQk,PSGpa6H10CL8_S4FvePeASFjG9cRbCZVuF_uTonAl0UAsrAESNktOaP0-TArnXhhm6cD32O7IO9jbg,카타안하는계정,7,1605491420000,63
105,g_ueF9mmVsvJnYRlessfZpOez4ECbz6TOAkFywUu1-pNoWQ,dCsfa0LKVOKcVc38TeSLJ29zBjNdsuvFzGZaCZdYExEuFnvPGqXSUNXt,kbndBKg_0i2E63qxeCXVK93xQ3nZ8_ndyZToSvgTcxzIOhEhT1vqmgbh_3rl_gPGrbqAhEEIYxkdIQ,내가 쌉트롤이다,4707,1605413766000,140
106,zJS2XLNEZLiwIqqsZtzkw1ZJXN9Nb0z1hCeTykne87XwNiE,V9SZIGaOEeQ8L3r8UrUMJt5EXDiL-fijrtUEEQQsMzHLL23RzjmTPd5I,dRNpLI2dm5VQ0AeSSTimCzmv85QPytq2weZCQnR0D-9x3VODWGai9Bf8xt4C-wNguMQqxNJpNfLeCw,쌍꿘힉,4763,1605458539000,114
107,Ual9aqLqcPzPXJpw80Agk9tOPk-OpThiK2YYuVpUuMakkcs,TIMcOTUHbuxDH8yFQ60-XEMZXoW49t74udjvFBZzsO6I8bA,AwU5Cxwu2b_3Sh-5fAtS6WlNHWhv9eN4Nlo-6XXnKpHChUcqtZDsG-CtjYRnaEujGzFE9KbmyP_P1A,도비도,4763,1605512012000,368
108,PCa2MWBU4DVo3EZKHaan4zC7bgQ2BQwJMtzOt4j3yvs3nSw,4zLbOrG0rK_mcHkq1T8LUrO1hDSAEgIFQvWp9UBCKvOpd2Y,yfswusndBJM4KmoMiWtoqL0nPVfaQOSA5Z5YHNgHJKAcP3pNFXZ2t8b7NNXMelDqUPeZTqZIqyL1-Q,토템이,4803,1604888955000,276
109,F7OhB41l29UywQkUw11mDStd9rFTHKUQ5dxNxvM_tD47V-8,VE6-s4oy0_wjTsl4vUR7uGz5-iddpjLgB0Q8Q9fYZpoHDWM,iSSU8jN3YsBi5zLdhrq_6CVzBjnSS6s5y_O-Z57kSscAMS1g2B6ansdVu9c8wjBD57S1Yn1KgchN1g,expector,1114,1605423307000,294
110,0EcBECfNTIXzhz6G_B0EHKZfxKAxQDQPx4_ZTEbH8cEJ-Q,i08GRKVMlCfby7pX1w_NruQEo0mgElk2_37t5qGvTd2C,3B900OJGrLXYIlD2_3mNZWn4K8StHWSc0-9H20Jimca0nTKbd-E94kM-s9xkrxW1fccMKoP_GTlCHA,재미있게 롤해요,4320,1605440504000,198
111,W7RBoszdeg9W3_5S_LxVQrG1fkmJyKTwFOUk9mX_NOQdWxI,UNsfgFDkAe8ndmjO8x59Qv6uo4pQcZLOZOIILuVk6W5sF0o,DX6SrTuzOUcZYAacnk36GhjYMpdJY3FoC3OVkMYz0i4_38kQJ-HMFMmi0hOWMmoe4mlJRVrKTu417A,댕겅파 미드,4707,1605502511000,234
112,DinhpEARLDhlHSRE3MnG1OPlX1oFv9KGkMiyv-xWFpWc0XM,eS_AT1FI1ziz8uF4BbgjLjEe2U_lfqgiKGs3c5RUCX8Ix6Fl5YUau0pJ,tMHAg8qVArIIGN3u7-l9DWv1PZsAxLld9JmHQqEwoCvAYxaw7jIW_TUXeAuEkUAHuSOKf7jPSzIw1g,응국이,3542,1605504826000,127
113,TXEi7wHetKqMBiRpqSgAxeMytWH_php-5hEB0bY8uI17yjw,gf0ehUk67J61UFjwIpATb30TsQp0iMs4T8zi-yJC0oRq5wMJYQa5Wfn9,HVY-PccVtRGmzL69bZJmKzwrFRu9bBTPq22Bsuwl5oHgiTcG2ZL3A9Np2uFdTEFgQrE253nttHPPbw,가형생지,4572,1605513201000,123
114,ZH4V5K1qQS9jd3Nb9q3B5-MLBdbzjuzNW60_GqUMGXTCJPI,amhGOI5zgmPP6uhENW2Cn2YbAGQGsN0T46dbpApSohtxwUM,06poT22n0qHnVLz9qwe9IwxqdU1VcegCMXvrYwjeBdbn0RJGE54INuutbW24AkUBJs8MxO_15875ow,천진난만 메이짱,4762,1605327255000,340
115,qWSbea_Rh24UaoEf-dWYRbh9UxwR64gxqTSduoVo1uLL6Q,G1NN2KNJ763ZexKd76txhwQugR-hlgdGQH8Lnr7Xwxc,LSu8ib3CYLrwClWORyUXWHbA4DbYGGtVdMrdEN3a9IKyx7UCFBGWVUufrb68ES3EU1nihrpLknSE4g,마이티브라더스XX,4799,1605354461000,254
116,cDpPvBK_m-vWr9ZsD4HWJ5OziEATR0yk5OUdYqocedaybpE,0thhAJT_4YNDoVcaPN_NOuZAE2yZ7ygCyfU9g9yL9Z2g4gvD-x_9Tj9s,gdbbRzQ8EIv-2ntxDf9btnAAI63auW-r_Yi38_hPY2Fd31MC67-sublhgei3LM6BgfNe_9KoagFFyQ,tr00per,4763,1605163802000,83
117,n8u2Enr6_hsyKBQJzR7avm2lIRRy4ltq-YVmD7gbWRpR7hw,asTTg6Q1ZijQZB_DGSrP3sgtJIws4BzqrNsEILrzfhkxmos,FXdWEbAbqPS9d5vUU7EWeBq8z6d4ugL8xu9DsJgQsJ2Loane1Oso_6-UKCtM1vXbumn0WWwSyQjhAQ,ApproachVelocity,4495,1605477652000,300
118,poTkbXJR_c_nKkFtu3mfB2VRCMxADF5CAsYM8y2_QdqFZLo,Pfh75E5dXF65bQe5vg4xVMiWOhjLj-DWxVtZJiUd72kXV_RT3U0YFskZ,iZONA-_Yo2diq1L0dT1g2T6Xjo_CQzwE31YFNb0LcG3Rw15wwnMxJEFv7TX54A7Skq8lnBqtCct3Pg,바나나퐁듀,4794,1603997445000,75
119,DHi10L3rnTMJ6vUiaTkk8ElyGDQrNL0GMJ4fwQDTyZcHboA,QQw8RvUqjTTX42sc9zgDYJQwMzUswJVX0ZlWdRUvM3vPEdg,DGMDdlwTtNU7zfcVl8u6rh3Z2cTP3yv1qKPOyRWxFiGr25voEV6WoP_rEGSk6c27-R7AoQA0UrkgxQ,BABUSHKA BOI,4799,1605341096000,70
120,Po3SqZjlnROK7StoyvBYVOiZp1FeaHK4XGWiVX7U8fhNrG0,08p2Tt9k6kcY4dTLsIXwvjHO93tu2av5OtwScnMtXLbH,Sk4lZjS0N4Nc3UI9iV5BxynqeY2zv0Ge-DnsbtDuQ7jqQzFS_RB82CxvcmOBsIOcHe3I9UVJZImNlg,setewat,4787,1605175572000,387
121,HSlCxso6Th7i8NoOb4RiaT5aRCPJkq4Bw1EmzztxiSvjnQ,01oh2Te7DzT8SrN34OLiskUJOoCmNRNWm3OjMUKse3MT,fS-KJKzpckaYfitp0gZDmBkr1guKPrrM4xTuN9mnvDPlwl20ggUn_DRL7IxM6T85M0bFWLdws9VXlw,Goose House,4707,1605504990000,145
122,iqVZgYiBcQszt6ao_ShYs3KA3DDZ7znlBWZXp4TkPC3hbw,Q-OqKeLGGNKSbtMPjodDSM0h-AADh1lGjqKPG4nf3vrV,kQxINTFr_V3ABw70Co3n4-3Dqj_note5hvQ9qWd4YGAcWL4bxShiuBEtzMZgoWRAeGH-ouqqYupDqA,파숙이짱짱맨,4027,1605344180000,287
123,xnUmm2lDnuiACg-GYgBbiJ82aHCVSuf4GPEPeGN27jjBwUs,8Wh6m-9uR91i1aJd-oXI-OGONl72nS5reTUrhfqssrL4VMY,Yp_vybeOLfsstXQKZwE3ZeSQDM9WtFscrrjn65lQf32vx4JMfK4aMqcfYcgywleuZ5d6mYv71wll1Q,패작 정태구,13,1605423874000,272
124,DrG03p73EUQhJXfogfN2jgkXE8ClvXROH2kgyfZ_zIprCQ8,kH2GIn1HK3A5QimA-XJhGd9BJD5oYDF0HB4TINj1DkLdjQ8,0KgJBNRkWmNGe-HST1jRLvE1p8SmYiWEHZIi6-W6uzp1PuhGqdIs-SJzOKM44TMMwQ8vD8EjN732sQ,백작단 정글러,4803,1605514835000,269
125,A5YUfDdTOB3xeCCezE8SRNIFO1CQvmc9VcDfgi3_g86n8QU,c9MJqopRypXF3MnEPVVRHDS9QsCQN3rDRbUJZ2EYSZGRT1tT4EAeGN2h,KBpMlpe9UevQ7Aj24XG6kUIwrPIiJKapIwc_3rj8lvKybdtOQynQedUw2UZd27wgCSl_F94dWMbXGg,도봉지역자활센터,3543,1605507204000,55
126,aR-_sRaL29Dq1QSAIJS-rhflgmM-xcTY7Ox0DPbbzGVcra_u,I2yTt1b7-9hmOAcO2e4BwODFfzg0MWyNmfjZEu851EgVpjC9uJGSpCZ9,f4hJkyGZfLjKrt80WKMsKrntU80lL039BjUMgkhlHZmmBpOwFrKcS08ic7QkLux27X4rTeJVIBuI7w,Ardianos,4665,1605329013000,26
127,rQpdrAXNHTS9ftuj841FncCPkA5EeGNBwwXmf8E6L8sA9g,KSoc2LuGtldCQmdpDQ47Kgbvhdfksg75fN2MQNTQctYK,-96yqNCytoCW_KuG2D-gzEtJzD8CxZOYAQg3xonEI1cBkM7bjty1JJJ-C0TKWnmfIiQCiiD9V3swmA,chqhword,4626,1605518962000,276
128,92OH2PfuxRqzOavk33eccAi2iTh29EDPAMd7xkal0ygIz-s,GIme2N1diDV4WcIE7Ds_wUHv_k0Iz4u75QuL7chf9jyLgPE,e721MUhEk1rbzH8whP7CWTvUVMpPgg5xhT039vZLRqAfouBXRyGvRUAN21hgb81bKv7XCdSjWo45cA,ParkBO,7,1605509971000,332
129,7vNg9AuHCebNtIku7kY8VonkfT2qarvVlfjeKdS_WzYfo4U,cOF8o-h1Mv4gV8A_Vf7TXBH_gulca-TDDMxtWoLSPSOn2x9gMh-oBn_W,XlurL8syulyDR-mNXb6CCOOW-qH95637UC85UYJVuVfllCM6qH_WzbUkPWr2iY9SIircrYki913SUg,킹갓늅늅이,29,1605506722000,210
130,L5UhQNpDn1qxxqxZoibE-8TVYqizUmvrVlqTnx51yINaoQ,g8T37CzOULIC3BaSb_hyN9mDSiFvdzmIbO43c__Ekxhk,7aKgNoNNtTLqh0PVn3k6Zu9GrHaKLsYFq4RIWlo4RwS-jB56y2OkdSBkOaU-yf07EovzRjZ6wPOmjw,MVP O Homme,4814,1605575657000,165
131,vDVpeKJmA2rNi--lAY3DZ32roZGKbjDNd2tFC_RXuLxxXQU,ELvNSB8TrFPC7te4SbQ_lVwe_XSQTfzuK3MFO0RQEUhYm4A,NJU1es6XeBf9cN3WvSiOQtbgYyyg84sWniKlUE_JK8KJRipYJQqfKZVm9MF09HLXuI7JIFuFsFNuyQ,Hellex,4607,1605487043000,252
132,tlTKWqgMiK1FM0z1LxnXT70SprMT-OyJK09luoOgwhrOhwA,FSDaj3NfyakDWKlGqPckc0iRfE00z-4Qt6C2qdfMbXzUg2I,V0MZg3icYK1C7dMcZuFI98pP1pbbMfcA6QFjmF2C-gwdb5u94zK6vUtYPHzKw1NIxfNBH0_meTNz0Q,hwiwon414,4803,1605335237000,137
133,LWsbW7GrIYbqnDl2NYZSDpofL-_JpL7yPX7NbMg1HnQPJQ,792rSQC1HIjJ5i0Ae7E9YRUadrHFynsCsfBB7Ouu0_R7,C-zMOCLrDm91XPzAIwcMkMB5M3clnAsiGn1h79HBzj0eGUOp081EElab5pWIPvFB0gL4WJFUklq5oQ,한번만이다,4497,1605506462000,229
134,YOOGuDdp7HvPoyDSn4xgojkzkxs_v30fNBfjYSdpIcuv_A,hPPNG8cCk7dNcwArZO10ibK6037Gfs52tOwbfTs_s3qs,DJa9NcIVWp52z4bhAaa54wzU2sIE2b0GuBpazdK4Wt9cguKtM7w-raWaoHrFzMZFQipTEUuRCIX4bw,알라봉협회,4636,1605507251000,230
135,BJoY1h0UXBwSrRGmaqlFppI5JZGicCuWMqeZcmKPRX7cA7A,RCx9-MWOf-_OHSRF0k_ZhMK0pE9PM3qekUvLx19f_QnZ-vg,uA6h50ZZ8-Gma9FAZSdBgmYEd2rAPTnpjvRUeliV0OhDqAzmZLSA0KS1XcNnweyq_gSscf8C8KR__Q,emforhs27,4765,1605493926000,392
136,N_kolT1s2X5Z0so8x_Ywsi-0Kq1CgCzlChtVc8W0oYI7M1w,Ail_sujX7Q9TfJZ5MKe5xqa2bo3zJR0Ut-iCc4RxWYrWkpM,q75A1fAISDSECpwfRAO1WAvB1qYrds8ydsGS2s5rh4rGib6ss3ZvH--GdStISmM_OliAvmcUeFOBfg,너는 꽃을 좋아해,4795,1605509824000,294
137,hINJwSyYbb98TYsGoVTvDVNPqp8guBFGAfry0ak1Ws0xdw,eGxoHpy6RWGqSswe7WvavFJQqDukR9HG_pMcfk1N0_8j,UJXMOHN71HbVb2jZO6yd2CyirQ-M-0pwaudHXFNdBKgL5uFZJZ8NnBFsYjGX6lYhkjylNlxlce9lSA,조일자룡,3495,1605413377000,142
138,GrR9W8iqkg1WCVRGRE7isgu01hL4tUPFQpOe_12rHQ_TdLA,t2sx2gmjcNV7QFszZSbDze-AGXMWYVH6Q-aKQaP7R2l_zsI,gGi1DI2e4pyG0fpRU8fp3QRHlWMqQvNhAe2mD0lVSKiZStEhgj7fwFImGMM6vGUOe4PGS6T5wLLOEw,극 권,4379,1605422398000,196
139,3WKrB0BiWpBEs6aGx3RKZeRdPVOfCOokpIfsJc1VXPQmBBI,tY5aWmcAd_xlEDMITnFGnHIL_ROhJcdH9d5Yr2Uqp9avDj0,hXiEIySHRJoqxWK04tAJEXejiNCkPitQQ_s9Wq8qb_43HA3GFuy-qdA2KzJwCIRpeLZytEnP7e0LIQ,coconut09,4763,1605453891000,237
140,5J1No1Dzd0PwcPnBEWSp7WEkhbJQKpZPNeQnIMyQhEi3o2U,UuEHJkh9ijLs8Ed8ZdXmh_7z2fCudPVUFua4IRINDGzYLDo,MVQ8SzCavOkCwVve-bhVzI20sy4VTeAc8bIRmJ7O_OwpwlRLfn1NqBphWhzZ_ibZ7iXQVWKZlYD2sg,장고누,4627,1605315988000,104
141,s86nPZaW7LXUS4jyY4m782OYnyfMaPcpsFFBd_UfW5iTSA,bl-8VcF_lqS1QG1R50RJ75GmLbnepuc0Q-fAETv4xLuc,wfK0XeQr6O0dlVR51hWHHVf868Ivwb19t8SCD2zM34PtgxCvQoM7VeE2KnjDmVDqhJJVXTpd-vW8Ag,화정식당,7,1605325170000,244
142,GU3R0YvVxllw5YTiSVkvxemJgRjMG-pHWlRUOG9qOdE375k,tpkFpN3-yhTiV1NISZqyS2Jw6Dck7zoQMuTMg2zz23FO,x-x63UjNjUZdKfFTsHK0he3o3wc3pkFu4TjT12od_YX3QE0h9La15ePO17N20RTCzogEgA95x2jeEg,와드사서시야밝혀,4690,1605507036000,215
143,xmAaNbQlzkkNx84-d58Pzm28ryErKlz7ZUQ4bCkBdX4Jvss,QFEeTtqkeyE6WiLHDgGvDVBVy4H-B19ZCXOpqadvsG3qrfw,WqvQ1ZTN56SHApVhAlCxCoVhsikDv0Io3GZSprQ51ZiUG2XKDWpM_26Z987bb2kI6qWoRKr0MQurbA,내가 잘했음,4763,1605508186000,155
144,phn1zBGmQK1QrMtfBtevJSf4EqzJpyYzS625F6wUe-KgbfU,6DiHG14s5hn8CM30asIC4p8NCLDaesBV0f2tPCA2yS8xRX8,AtyoleyPP7iM45nv1bfXqm9WeBgrMlUONlYSkQqgr1o9OularMGWOKTeKVBKTfF8ivWYjyOhctbIzg,3초상추,4613,1605145333000,231
145,3CMsyYB2pXom94wdy17wpOGH0FWlX-9UQ6rhICGLHjJRaQ,8Ty6gynLhZt-07l_ztWlj-yTYYgWHtUWzOr50VISguEG,I83TMNzOu6yVLA-OrAmUzDlATRq4M96iwFfiDzQgLErC5Y6ybr80HLrcL32iW-j-s1G9ggT6fdGiOg,라메디,539,1605485378000,261
146,YgvCF8VhmsCxIk0479RdsXZ0_42riUPne9v3mSAu1HqoDvA,mZelYERVZui3Of7tf2bDX7RNVfvN07CEExl1z8e5Yn_k0zk,XvjiDitdIo6OFgsFe0kWQLtxnvEx8H5M_mSaPUe7OfwdeDAt0Rvlak7bE1-_ndBXDFx7UIhShH10RA,민트초코 여왕,4627,1605512738000,202
147,5eVuf6mh5iZKUzfVAcP9gyRBlfoM4sitQkF2WK6BRa5JaOc,gXzH9p5kLumnNBukH15uqv9CSEiwW-kcuf5bh3M9iHEN9bI,TDP8Va9--EHfqcwXWYOLOAiGUfMaFlmbmdh5lW1bLRDp4KxlR9GjhBxQwFssFto6ScC5u_YHHHP8hw,꼬마라그,4320,1605340799000,249
148,r4RLkDY8DYQ0JvDbKqTP1Qp16d31x46K7XsIRN1L3ZmyIw,CnXby1Fjmdp6DWzGDWtu9-vnwZYq__oQTKZbmwWHv-fT,rW-25YWAHTlqEG_zsHMa6HW8mv5bv7kGenm3PtbpNdXEVVkDP8PJFEsIO5oFjYF245VZkWlw0LC9dw,딸기타르트,4691,1605158925000,264
149,jmIM0fAUw2z69OBF9fp3yLEd-Aa60EKRjyxTXH_kZIAUMbw,4Zck_tHTT0epYfCGHFG9-mc79ECI6kKgBQt54qk63d9XZ0I,mEMT1_SRO1Cs6mj-VYlLJHp67Srq0ijzvjk3AfnVFk-JveVXkMjreGVidCU-og3UBQSA1_2Mstnb8g,엘리지오,4763,1605229282000,247
150,PCErjyAYOuUk3PEdQMzW-3aXmx6MTAB7xVrzhHx4MUEM-og,0iIrd5X0tVMo0LH2nHufVH-TooF2FkuLuWHbfMe9OwIxf28,26URB2DOEudVuf-F12BBBw66q_kWZijg8sGrLa1dhjSCwEFM6MbYV1Wa8UW0WRvng1FGvNdkdUhd5A,멜랑제,745,1605531967000,103
151,llnWBsLrDl3piWfk7PQf2VgB4RwF4niP55ELvUUigjnvjs8,fzjNRVKxNhUrrf8s55BqSYbHghOWhIvIAdQliOLkbNkIJAyrQwSBtOHa,T5j_CbLgSP0duP7-qt0ot87Xpk6edc5th7PdwRfgloxlS3E3gEvDPT3-2hkQnXPwMO7FWKv5vVy7rQ,smoooooch oAo,4661,1605416987000,146
152,l2Icv4oF-R2vKqB_QbfwI_XCbGHyWmrD6Ig6-K98tY_eHQ,FwJAQwqDkNe-1DOzGPjKBWyqBQIjtDG-W-arr7yK1Wc,2INnytw0TscYbgCcSppGNLlKv7h9wtSZRLftzrmvW2ubEsCcSLMlMSGqikIj0b9fK7VLcmQQDv8qgw,싫어해,4806,1605331383000,372
153,CYsE4MbgN86AZNucVjjU6GlZe3WtpinX95mhHWJJHKpOWeY,VutktBYzgjWieLpc2ipTKyVcVclCd9dzXJIpH44Y13YkH68,sBN4rFrBuXsZO2ZMxM5L0aeSqMmxIrcrTaoGw0l3qXR118bEN3Vl_yMFEFsbfzWzbtpHoDXILLq1DQ,Kaixin de ren,1114,1605220741000,287
154,uVLYVC4fVLtdQpaZnZObdw7US7HdvMeuXTAdheaxYIdgaAg,7LMGedkIe9P-FNYHMpu8JGG0Yj5X30mxOQWevejGKHWwt57dud_VUuhy,2TnqPPJ7MLN3BTguzAQENCgKuFqm_rOwGZxcpO95B7Pak5ZeAN2FBCA8_t8KmJiSyEaOWiQYToAoyw,국 승 윤,4690,1604816593000,39
155,CW-4Ok_kHWEGS14_SXFP5B07JYU9wgg-IF1KTbZhs_cLAw,onWwL1CPRxFi-Gd4apHhpj4inDUsPcYNQuz-w4mDlmtn,kZbjSfNToPkf92JQ5rmslUDvvtsgDESq1QHEldXmJDkNxx5vTLHhxnoRn0jLOXse2ppnWzk0UJOHrg,라인 레오나,4655,1605432747000,288
156,PHzSxDuB55oPGLtv1o-PzscRE34W8C3zVVJVxdBJlgR3fFY,pJV30gOr53--7ZxNV2bENEhiSaXclNiAEOpcPsiw87Y5Uas,EGRpW5TiNs-9FdxAK2FU1z-l9jixBd1KYBig00YMAqDWs-tm3BycDcxC9-DvtIsQ5dtv_zQaPB7_gw,나는나11,1099,1605387271000,153
157,tuVIsKbCQrYGSFM4kq3sNkxVKU4fixK69X8Xld_fLR44oKQ,0HHqvMWdTRAbGdwtTrpKMf4-AYZ2ipM-xQcXFCbuj3C4rEs,WzjUtpzRDHWsIIU2WRo1s8Krwhte2MFLIj0ESW3HXJ12Xl48G49zafP7foz5QV4aJxkZoflhFNFr-A,한비치 ,4803,1604370269000,67
158,osD-9KYSwOWHaUtq6q2zhzzKc-45iOFrQx8V2WMJUE-g8tQ,qEh33Nmp7khyh4pmXx3ftoNiLNxig4h0JoP3_wRvJ1Eo1PQ,rVIF6W_1EZzGGYNnGrBC1fdJTZNtIMy2Bh_sVRv0glD2T1346Mu82fQy2QZUHSgzGsPhrZ0RHYLK5w,뉴기뉴기,4796,1605406967000,213
159,Yr08zBKtfJohcbDyRFATY0KggXSzUZsB9KcU6D7zc9HBujw,fGppLrRFL2ISUOZ460hXYm_azy_4cijht3UsF_iIV6eGdpw,_WfJnvnashWenrmxqdGZvsAmWBZI_TRPjItQ_JpErkp06d65k7k33ebBPn9KzLEIkmfGHJGqhj3KFQ,GOTTOMS,661,1605214523000,184
160,6K7ohPxH1PsddzVKR4ZXx4Quxe7FDiYw77zOpPKznPoygEg,08rpngS2x_xr_isOfg62exDRhUU5WOo1TDgeGZOChj6FPNx0PIJYXJJA,ccY-sJuHmQLXQLJ3FCEuoqO2VdIVE825y_TYOgIlBftrbDOSxB8y7w-KIYyyaQTYLGo-MH4I5ZWnqQ,백조자리 X 1,4665,1605317435000,89
161,Euju2AEYAM04_lExU18G8GCtgc8oy5_52qcJhdcmGPkmXw,GhkM4mJMRSFsksm-nHJ7iWJIX_CpKpOy4VnLge_hOuPO,PE1AWUU0Y-gpW0pLQHLISMGeHuXcSc0jabyZEVefwonOf1Gwa5ZhlfCC38GywTUtG81wJC29iJAzOw,Aqua Rabbit,4086,1605493224000,539
162,E_7y2JW8XXA6U4d2Aoh8nCGgBajVZl8GjDw_2dz0VvFubiU,hwWJjpFRlq6pXspmVK0W3dH5f3CUNNhI3ZRT8f6yKh3yMuY,29RhhRR1hv1TC40NkxYpuxJtWtZqvP3q1RF_ZTZwVC1X2Q8upf9dQgyVrsxGaAoRQOfpWqtsS0sVDA,잼 르 곳,4534,1605518471000,219
163,aUiIrIHIj3Ds--Pu58GqG_8ucPKPL3M4c1WCw-q6wI8Ov-Pl,nPg_qbDV-ieh4ivWuI8WVVK6v7qHgpd6TxKIqlHb4D3i0VXWFUVFsOGm,1tXtfScwyej9TZXR5p5xjvWV-EE49LwemBFsFntWxIdJv-O7_Gzj4anJRrKvdr-B3P99yjlFG-zs8Q,ruswkgml,4025,1601367103000,23
164,h1Qa39ONVcdiY1O_ybckjTyr47S99uMCrSFjLFwKbd8zB2U,_d5rYAHW_6A5ZvBEIU4bXBNMlv49fuup4r5jP7ttFJx3IX0AsTgGMfi5,f0wQ-7EcOLnuTdJIBDWvH5hKxGmQPK0Drj0YH9CwSKzpQ2vnerPmyFfkN-pQ7cXn6JAS_z4DyyfqGw,tier102,4707,1604783074000,133
165,N-T1CWHD91cM4GNDNSw_52gQJ3ts3WRq_OgaZxSZlur4dA,wZI_n-8s5viny_HrxHM-R5XK0g7heBT3lnVcnCDwEKNM,P2Z-OYCW-83uimpnFlIaf-tr1CWMFVdjVWdA6-MOWLHCBLVOO6j6zPF2V9ft5HZ8jNzZMod0HYVy4A,초이 초라기,4369,1605507494000,259
166,w8MeBTyhG1je1FacmFSfkNM1MAQ96Bz6EQxSy8aQGXs6HOE,Myyd6cN1A2J04iBa8E1UcKWUA0uYmjfoim-cNtIe9UBU5cmmQRPLmVAX,EZCFl3-qgyHf0xsuax-xessEoV5bhhxnOKv1XI8MEYPlfy8BHVtvJFo98rEAhIGVi-3oTi1q4oCN8A,Kill달콤,4782,1605408661000,148
167,MRkiv8YtULbJ_e1F0ImGAO9oZoOyzvoT6QgzOlIEWib00pA,i0AcReAVlzbtZq0z10H9NDdb2zMHGeIvgGmuR2mAFKZgUa8,wA9d2FxKUlFFfMkbhaC1LlQXNLyTgO_SxX7_fBCJgg-yZZ7h98qNFCjtqhH2U2dyk98xOkyYEQhfbA,원동 택시운전사,4763,1605477787000,223
168,6G03EGBy6Ur-ApBu8qjUaDAP5Dn_x-pcm3uEhdEhUSJCLg0,zndlos1r2twLXzeE-ko0JcMNNfVTTHNGny3svrLxXTg7r9E,Eh09ndQyPohkqKdKri8rMXWHnERJk5QCbMAjyA6CTvnMCJf-E-OHOEd5bEuYVHhG_e1W3ELNhILjaA,CASTROL EDGE,4026,1605413870000,348
169,SuqTqA6LBquhZNEOPwal-uvCzwJ5vw4-6MK1HvXzBa0kPZhL,H_AzbVp4BWBVyw8LFg1VYmr0euEmivaWIqAbySGAf4nGd3jrXvo0aIYi,QpF4svjvAJ50FeMeIfJwgZjOr-DfYSqmfAKmzXWnE6RMQUEcUzJE2zBNyEGKGTdejlo7fEj2JnQp_A,dkfm,29,1602750575000,1
170,q48Dyd0xNBIoUOIcH6wGn2_08UbszKI2PXZ3frA_0amDZGw,OKDnn3S7wAYWqCFwSQZL2R-p5CwvaB1NLS40GhdfIK70mDg,5hPRBCi0IqNRS7ldyESsTfe3Scx5YPAKoOF1uuGexkwChCj5xKEJeZaNRudje5ez6wC_WLQDz1vXOQ,SUNGZA,4800,1605334313000,401
171,YbkQmcQ6OAEIbZvykS-FQqBDSxEaNTAsLkGkIGkigvc7u5I,n-WnMH7Aa6qme5NvbIcYc6r4HU7Zt6uglLO546GnAWqZEBM,6cdRDB68ae2DgOqAen2o44W3ehLSfvswnS95gP0tSI1M36dlmBh1YNHP0epdX0INOm5YltLiYdYOnw,이건뭐람,4650,1605497871000,127
172,jQ7u7qRF4hLhBBTMAW7NNU7A-y00rVQRyZrKQcRAqXVm8A,3L2hZDPdvQC3D9Cw5L-1j9gBMpimBNxG1iicviuTjXha,ytKKzbBtZPm6_3d1vqharrA6LA-IRdDzGqJDimOaiCGrCKKuaFlcnzN1xXA52TdcQbPsvjNdE2KDtA,hongbbam,4535,1605428602000,167
173,iVhdHbWNBkibtpVeSP_eHfZtKPHsUYJKIpfhl0ielOzUcwA,RNti7c74ldNa0YWtbeqlWzhjKzyCyOIyFKv0AYaUvcSWtPa2raiCdFuY,8EoSCuVuJ9sLmGv5nSbega0uE2RiwKBwoTsnXjKzUWQRwIbMPDwDRAv4emSb3mLUJ9LpKHHKdyHNTw,헤가지,4654,1605336469000,144
174,guUb6LvMZ7mTAA7fPtv5P5dEB3jZe0OSRmZjzgCn-8vtRME,SRk5BhOk-pVaTPeeeARN3xO-qoPbYKtgVu2RkbISf3dreqseazfJ5JW8,MGZOewIZxEd5WvumCS-q8JKmBye24fjswlrPTMHwsi_-x5C5NgSMLlLMsjohHIbEldog9urly5DTBA,Sijak,4763,1605483753000,56
175,1Ha2kX1kLhvyUegtJVDm2d5h1npbY2AEs7c2QWqVXPDUajo,lN2iQSSml8LoaqB2dblU9hHqoP7dPncedxbAX4Xe2Rvrl-S-HWNVy_N4,DNtyBf_TcJRo7PIRR8i_6VENOpreGATgTRZroj4ZIvjSIqYQWJ4AYt6hrwh24kJqWZk0FFieOV7cHg,반반가야지,4655,1605412403000,52
176,q2KLIJdBGXzCjoRRofwJtSScLQX41b8B2EIXm5ZDphj9Ras,scfFRFth51oEs73e3HZlNCIGqTQP0PZD8sQx2h4jFYHPxpC3odPhMF5j,thqO2QUTUJEl3NoFA1TTS2ffZoeMFLJgiJsmwDEhMGMkwLUrInmYKKpbmR5RRlPsowRk6eY3vn9Edw,저녀눅,4752,1605405418000,181
177,1KDsFi5gzuBGvXUKcvgC7BQWxGCTWThgPgjk0O745bkoSl4,bZaNuHRXMoP8QmQRurklU67wFln8FBg3FtviSY9loH3spjI,Q8KLqdLd5y12iQW_nyDxgQW8DXRDka9RAfsOt45kQZZ0osV9gkyhgjvx7kHRpDryQ_0qYZYMavTr3g,칼을든펭수,4657,1605169028000,146
178,pXaU1kcFB3OX8JnZ3b0jj_Ps8Z4lz0BVbMLc0z0D9C_GkQ,CQrPA-PZfLDtqktKgCE4lwYOVoBx2JbfhNIfav9qpJNf,r52ZnyzuEGemgGSNpUYSOgU-cR0MGvgu8KR9jPNc1iaDVe96TAFBz82UsubQeBcbh0eFpuj_d47FAA,DuckLif3,4763,1605513396000,341
179,HgJbwWca3bXCfnYeszPtMlp4tv4IcXfDrSRCSLRxvOU_ATs,Sw1FabRkW3Q88ocK-PnpAIxpR1uOdGv304XCgMfLCfb-,O3_EMF9mKLi66j1fnFbv9KJWKOa5bitSLXhBmT3z1fi6eDLI4NDsflcgGdI1MQix7YyeRS7zT1bOxw,OGAMGA,4803,1605502929000,293
180,9m83P19NUVAep7dx27DKY0vPdqevmJTP5XE8dOzzH8Rpjw,0p-l1HcACp4RrQq3nO9aZVy7J-YEAtp9NpqFXytXr9Ui,NmK4UNUCLLcHdADyjXsRIhVmqfV5bOLwA646VKDQkCNT0zEfruhmWoq66H5bPvhY-WLuRG65Gks7Rw,아닛시에이팅,4561,1603882946000,344
181,ukYJn0BLDoQ8rteYLfIoSzEGBXAPopl3TVYgvsz5Eyeau68,PmRyHRR1cZrtS73xaOZ2J9YIct4XLqw-Jygpts1xNhla7L8,qPPzRM2xYGD_CZqOcvGviFj02JBSJfhGHbVw6sYyeQpaWZF22Z0_teXEEaTWZ9jY8XUuw7EtgSdfZg,삼각대가리,3870,1605364832000,307
182,Di-QgM5zQMKJW_v5ufFEtWbogfAa9lsff1_kBHNBJBtBjks,blPFLxBKR29HHjYOX0Yd30ZpiXnOiEBslQDQksHhkoPi,jHBvH_e5RZQLrynRdHfapmzlQFbkSbKuK_YmGa8reoxvyG37qtdcLphYtwdv8a3Xs7e-yYlv5_3SjA,황요년,984,1605413009000,263
183,XQftCzAHb7TPrj1duDSR0MSOwcKCB3Kxm7pI3PTEEjhOrQ,qOo6mdG3ZYNi4_34GEKLnSeO_S_WiFUZjZCnAotCDmlX,N0BtkxTff4aAU41ZqTC5J6yisMAy84B3P9ISdclYWAdFQ9g5DAMlu5Sb757iWa8h1vSA7qdiN0zkCg,나무밑에방구뀌기,27,1605116241000,231
184,WNgXh7-i6FggRoXXmF_52Sr8X4f1cjzXMf3HAlaPL15s2nw,87_2ZyNp00GYnw3eFKYTTFQhBxX60VLr9D4UdVyUuK3CXiSFVCdOrIz0,lD89X1TMudGJpnWVHVf8gKcvd1Zct7AWE-NZlUSu67nOjdHGQnwk6PnSf1bFVLFt1h2iuPwM4GXGeA,이개맛내,4795,1605079008000,214
185,zuM9o3DnNMk_nKFaseC5BJH8aYj-ywzBex5a_PJV2j2Vug,r9bUMqZCvv_X8bUHgh5To9vGue4Ceifs05GtwPpWQAo0,1je4LuUo17_JHkPr5bgwf8wR1LFZ-XCLq1V5BBqCHh0Mldo-jFdl32T-updU-3NotrZv_x2-dD1XNg,이판은이미졌다,4353,1604734282000,70
186,rFIpdmLIROF_bJiyL_lydtZNuqgXKx21LVNY2Do-L0OQqOs,h2LxdjjHksiz_3FVgqzNKV2c6fiAq20Q2eG_r-nzwk1_AQY,tu8toQ4vecfSch5Uanaq_SUkpv5a0fq03uMU7HXwfTjuFljB-obY9B8pLS-lYLDCb3yEgOe8cw7Ezw,정글차나면탈주함,4248,1604667537000,153
187,DowNF1BRs_ASGBO82S5FjpxTSJjJqZw7tkjj60_X5oCmM4M,-r5ZrJdh8arqrccxSdEzbJbi-OrgY3-0-6zR5gmQ3Xiz57yPsUSEmTwc,gW6rNvRZOmn2PiM4KNYj5klIDRv3oo8S8PY-rPEWcgysNMys1Km27KrGdk0dbpVREEJbYnV4K1RdJQ,우리같이행복해요,4690,1605481361000,36
188,feKfx-pKs8VxT8dAT7eAMQ_xu4-OLCOvFxW-JmUtFExTImw,kx1vZxokM5kf_jADFedWuZLUDmr1MhSsT9gjrjXyICEO4xjI6CKHsvtS,opGOjTq-_UkLBZpsi4p2NnmearJi5wB-L4wHiSh0fSLuFpR7zHBCfkx5mjbKo0z4fIR9vBe29qD46w,재 헌,23,1605430710000,83
189,iIsoaaBEuTK-BoMlEXMSu2OV4LQqC-sYX2wPEAZehHANA-c,bSkp5EEu97UTHKBcR_EGa_VBhp66jS8Zl7iz46_vYXOJOLM,lCV_iiV8tkhcJakoEssL8MKirZOwdyv6lkVjKfDHFNJl4TLRoS-hZM24nEH-BYJyOKOOxFelISoZ6Q,TTDH,4661,1604744513000,246
190,BlGZaTjxGLCKYCU73t5i00dHZX-wCUP9ZnVd40a_GFmtCNE,5pEzLxkt3Hb1V0-bHDPhiw2aLWOZPDCQ1In2TflG_dYftGU,VDhExHAO2qUn2isrp7dpqw2tKq873sgKmRXmhE6NyeyyzGq9Qb-brTM7AfTRmDmkuCDQogfj_Xx4wA,갱오면 별난바,4690,1605177203000,177
191,x5_tIeSK1rMCxrQcnQFlQw-9DsZ37K4Ce4N8MU9l8bTMXlg,Jg_N6RDOWKCtyqrBJFu1FMA2bCiLc7lxGYWV7PPbsbZAn6-mma82k7a_,Auz9H4oe6U0FX3u9yQ9-CuwxO7tKVvSW2jIbfmKLZORgZNz8uQGH-VAMuiW2PwLRHT3ZAOPLbLypyg,INTENDING,7,1605068058000,52
192,fVyF9UdSeHEJpZVHDWMpnYxnmu8vW2tEG4qXuV8tdJd5BtI,a1fuMQ-YeFDu7KhJa-JHqCgotJTpfZCbrtkMrNKFBDlRDkE,2nsORfIfG2SjLGSyLG493JSIyTTDauSMrv5B4flpWiOl8Yt_xuT8bsB7OeXmUm_V-8HKYpXljCx1Iw,Somebody Else,690,1604660794000,125
193,MRQAb0AGhgWp0NmN6vjQz-x34f9R-T_qVDznWXBCXPA3FyA,sPII9zwmeE41khQsvmpij6jAbSd0O3ndZDwKzTbeRZubk4wW64elwp-N,dOVGoztdaUDO5qLbdxmQaN29-bYg6t71dEjaOL3LMR5-ILa3b9VC3FjHNbnumMRDboR-qm4mxKBvJg,정겸인데용,4763,1605474503000,75
194,3wngp7tZfxh5x5LHiXZEBjIfmhcalrMeiEPWktyn28_qrw,ZkkNK5nndM0_21I3XqqMDWM-HlPgq_NRTRTV1jlqd71B,gJQPQeKf8H9kiqkcsnd50xmjEx6Um2qKd4PPSZVeLu_yO9BZmbJuRR_vj5-mp-sSIaQRm-75q2OtTw,pierune,4707,1605425562000,347
195,nmhzeJKdIDkdSdodLC8adOEaapL-xjb1vlo7f3hGI7ghx88,vmnalOaX4m9FH3jiJSOsYiZnaf1EYc-ABoi48jEIaOhO804,lwptaPMyj43rTo8G65dDsOkLwyFqBflKPG__4BdUKwnkJuKjWTnbZQfqO3QKSUIcifgbL352QLaEhQ,아침8시기상,4780,1604099604000,134
196,IPpaLdOqBI9TadC-T_8P0wcLhxzLfgPFSm0KFwgtMtkd0Q,GcxjnEvL4GnuwsKZJp9v_mxxScLVTfCN3axHZ_DJFuM,2uEXOGQLs8Vy0rzqqCK4HHyqNFq9Se1AAH-5LjSAhLDGu531en6RmtL7LRz_46_fF-VROOnfdJqdLw,원딜 노예 1호,3795,1605380709000,292
197,YRsWBoJK7p5YIQMLYCtAQ3hYALmyUrziRcGyQ8IzPAfEy4g,ZNUC1GjtiKbgT_cTr95zsBydk3dAsIci1zmYkBPayypozgC34pPnlDHY,GhQ3LcNzI7lGq1ZTe6vLsCr-qG0sbKa2RFXIVyy9lsjkWJd0QhHPWq1YFAEkOBlrWadNzyOlm_aFyQ,꽉찬바지,4763,1605510695000,86
198,2jg93QgpLW6PZQIsjKCXRVAqmgVtE6ZmInLYmpIDmBNCMSk,jp035_ITAa6SbHYx8VhwPdO0fGPgu3YYjQNRbgeaB8PJvBi-tNo5rBe4,KdCNuzzU2svB9h3KERWEC2z1cXG7mYD78PuwCCeagpDzNBIQvUT9hSYRKNAp7rSJXtGv_jsARhcR5g,나이트트레블러,4357,1605512648000,130
199,8GkdrSZwgOSXX9DX1IIYy-5Zh-Jdsw0tak4aoSznV86XHQ,vT-LPH00UCOO24ojCnGVhZUEjZqJS19NWP0Bl-gdUI5j,VwFcSVcsskAeaHipEpLcEod8OqyRcYdsl2ZqPhI1joF-I7Tbv7IMJKyTs_dwUNQgKXtLgYHX0IZUmQ,딱숭아,4353,1605517728000,247
200,JAR4EhewrjszxQIwQ-WHpu2Hu3qJelembQdSMnF4oOLvge8,C8s_LgSjR4KSldv2V0yytu_xtqim6QQS-cXLJ_nyhU49JWfq9WFI4thm,-A4KCbTox5CuY3fJXYrRTcf6GYj9mXjkFVrsGkhxQOIZpWPgpRQhAEyvUk7lDxm7Sl0jC8oW6pg5Pw,포효하는나물우엉,4763,1605538742000,97
201,WRpWkJ6Ux1y_W9vRIdwa1exdrgTR4bpRkdoA7xahPux7Rq0,b4QfmMx5o0A7dDKGAdCgUR0KNQsvJHehoezCintTBGHK17k,ZlPuAkXkaFtch00eobIgXagWZPVRxUyRKQ8gheNbvlo7TrjUjR_s2YzdslvB3u80M-iHVkeCNhbw7A,아리야캐요,4796,1605507271000,215
202,RplrQ9eRKMKS2fZCXfsF2AcNK-zc9JIjO9fM3Bou76xMKMA,gDLBsCooLPi5LEc9SB5pL_vq4rF-oEWoas_cmYYhyY_ZtGc,37unqDVgfxfGfr5BTg5sFeo-ZtuOVC2DtjwIXWK4hySy6otC2RlFVgTmAxADBXNQEQArng4RKmXSfw,공 익상욱,597,1605434968000,211
203,1FpdH0ZkNm6p62KBsB5_Rw18iOx_BA0oVqD-o2Jp3TyYsmg,wQEIKNuj5wMw5_HF9kMgCqAJRrN2VwW3FTPi--QXp-nSjHeooVO7R1kp,tB8R9pm2uG3sNKx9854YRwBAVhBiPRbcvie2j5-Zp8DPg4ekH7c137lDZQ2ZL-4O6i811lC0UAkkhA,난 이미 쓰러졌다,4763,1605519603000,136
204,5oFZUnk2bYdAqISQkYm_9S22VSEQ-1N9DMjaDqChxd8nTh4,_IJWsQHBo7Eax7cLkdbsDmIIDKbsoEnFWCu--mD614Y9m6y6S7kAZWfj,olvfpVJEX6CO1XkCU2gzPormMFlVoQJ4L-j40-vp1zPgih49Pu2lo7ByRGYgo36Go4nbd9gml3ouVw,odyusay,4656,1605124034000,143
205,t3ryiTdtjSKElTFPUH1dAIr_1_p04w5O88Y5h5mSv7cWWQ,m_NROa-eoq1XUSiR7J85GTvkwzETQrWsv7l2dmN7SEI,N-3iM_mX04LJ3GrcrgIzsBbdhBgsbDSKUQuIbB7EKNsWR01lKFCuLVqg-IvnUdcIC_KOZbzlz59mXw,GodSue,748,1605407655000,95
206,t3ryiTdtjSKElTFPUH1dAIr_1_p04w5O88Y5h5mSv7cWWQ,m_NROa-eoq1XUSiR7J85GTvkwzETQrWsv7l2dmN7SEI,N-3iM_mX04LJ3GrcrgIzsBbdhBgsbDSKUQuIbB7EKNsWR01lKFCuLVqg-IvnUdcIC_KOZbzlz59mXw,GodSue,748,1605407655000,95
207,tEukjSi09kmrKozlcHJVkVSKdKQJSivnhevZQ7amgp1Kc_Y,jG_3F6hvTe2-wkX1Z4WXFeWDSt1wWksGw5DYj_U7PZm2SeM,si4iTCqfVSF2932GaF_lrOMNmloD323ngPf4qcGvBiG5Esjo4suRhcibFtEQFJ_hCPtL4kE9y7xXiA,남을베려하는맘,3798,1605493115000,241
208,BkGGBcs8rh-msV6VEqz7m2fsx3exg3c6Wo2OrElmv0G4cg,FpSPMyr6pPFNskztFWE7i8dLDAPZPMaLvZviU_rg5o53,zkoCCl-7EIoIUqpzuIk9IwqFy_i2rcj8374H9ZM1hpOQw4YxHH4uqdxq76m1nx6LGRwdQqnb4OHBYA,송지효,4763,1605506513000,144
209,KlIhlhIbypD1r-JG9UJas9oVQNWTK_2cWZHjbujdnkTWJ00,JjbbYQJ1W-oxOweq3rIU0hUx8lf609V_xu9aqov4RD8K9z7Pr0XkQWW2,R1c2cfSY6Ns1A1mNDKXh1GgPMpBmNOFjL7SInP6XTjlD6G9JWPXajsmpGzewllJAS9W2Mv7cEXYWFA,아쿠쟈00,4793,1605083884000,186
210,fDgCNDFn3KtDqQAB2QdUaBLDCEWyEu_l2lQG-0qbxcNIyQ,KGnDgmHDGlcJg9aZG7ZtZaoq65pmGzeEvoisNenQF0PP,OlmCXJv20JL9vzL4nYLTcOn3CDChTza8K2FudyZ6tTCumx4EK_E2mM3Q9wIv88PxyAdxllPG03Fjfg,개같은삶,4690,1604187882000,257
211,JAR4EhewrjszxQIwQ-WHpu2Hu3qJelembQdSMnF4oOLvge8,C8s_LgSjR4KSldv2V0yytu_xtqim6QQS-cXLJ_nyhU49JWfq9WFI4thm,-A4KCbTox5CuY3fJXYrRTcf6GYj9mXjkFVrsGkhxQOIZpWPgpRQhAEyvUk7lDxm7Sl0jC8oW6pg5Pw,포효하는나물우엉,4763,1605538742000,97
212,iDSofF8eWik6AmHjXfSeU3NQGCciDSQgTP9g8iSOgu93OkA,jk2NvW-RZsaLUxEWZavymARwdZjAGoZkFYbuuGKsFrhNGwxgzf_N1Vjg,98qUyjTikO2zM_ndwIR6tk4MVexZaK7qr0iqD5YialzGRY7hhnoiADgyTZnQVb4FIdBQ7VbYoTiroQ,디저트자크,4690,1605304999000,67
213,hB4Hdldv4PBD70dq-2hB0Pr9NzDSdTjqSDSHvHzXRKVKJO4,E3qOjWC31OMGY7U8bP1TgVdyBK-7FKOzM0PTYrPgRFGc7JQ,tmicyOEOYLnvZb9IJvbUXxQ_YlqsJulUHn0DMpKhc0xGRNYSj_gOvoaaMVT8a7AhcwC6gytiT3V2Ew,나 김환웅,4698,1605419705000,431
214,XVC72A-g3o7Zi0V9Fd2mgnHVMgXktS3NxT6V7QSxjC3SNIE,LY-RzM2tXapS426W_KULeeLxz6pPRQINWxgPGuOTXESh34VTJDzo2a49,Hsig4pAUzVa1u9VAxBiN893qaDYKGkJNnK3scR_6ply5Lgt3WEIzaK6nuMWE3IjdraOrWvK59FsXTQ,릴리아 귀엽네,4763,1605464021000,61
215,xafiCTa_UV5vzQyx1ircI4khVoQiU83c04liioGRMYkrydM,aFrfQuG2Qd46_TDzn5J4DzjwCfHOeMSBGWNsHR6pBzR7,nw2nvA5FDGr-WJ45CV3pL5kyO0PJEzbk7ZPJajVXXJvlhHXtKrFhjUQowzH6swF7kj7Vmjoeu2uG0A,탈 덕,4707,1605519337000,270
216,yE5n35s05NK2yDl8fDCZSplAWeIul1khjuargHD0Z6Bxta4,D_633ivyERgwnKXWTsog3G8phkSaB-0vRlxGGc1Juo4UZ0VN32Y80F22,q-xoa5Is2n2UVk0_pjIXuXSHhd1LmN27pUgB8-_Yanl3LiY3JLR2QHVT6sE0o7pOj6PE6GEOkIGTSA,핑코 집사,4655,1605380532000,55
217,FTLuEuPt3WGm_3dfHocWZWSUlR1EP5xtY2JwVEGSdEtxZl8,6onWwadZgWOBojPJA4oQK54N4D8Ca8qUyl3YVwWE2jKrNtpA07eyxcmC,YepwaoBiwASZZu2qFjrAHzZTGJceen1dIqyHqAvPhaGLkkEIpOLDT19obcvbtxthrQbz0KI2EFxBKA,UNDERHOG,4763,1605399531000,74
218,YaYHJqlu8g_1roKaDszMgQ6OQnoKrhlJpdj6j_CrIy7cjA,wdNsD-FLXI-aLgptei-3rzmBuU1UfUheICM1rFgY76wN,pn_di2lORWNiayWD32-WETXpLw8Xvrbw5xdsr5nnz0g5Gr8kqfuyjnHo05FV_A2p5w8BfWqXFvJffw,한 승,744,1605567156000,271
219,3VOm9Iv9llED_BhhpgRmyporvF21ft-7yo5DtZ6Ua1NrMKM,rOkWp0zPgp1w42oiI47jA2TqN2j9LybPBgjPV-axqxDJjEGWuhHtM6Lq,UuQnw7jwqt1mORN-k02igpnaDPXz30iV7Jfvam96QKLwatMZ2RSlS06lCkOVuK0MhNZ9e1LTBSQY9g,지로제리,4707,1605437952000,143
220,WNPuU1zh6_ZCusVerBo96ro4rBq56aeBNaW0gh1lJ4KZgjE,8ssRHToX8mFInX39f-dk_MO0HLyZG1XSCh15Bj4BcW1oJyo,LR_LogL44XHS0fW2KHQ2Q8eef5QaknJbrAV0ksGI5lNSKL4uKOiwd1XhZstS4W3t98kGW6GJUlVOpQ,집공 볼베,3536,1605504484000,197
221,D-Ce3hrapyTbWM3d2xv1Tb9NLGTOk95p8EBlFAGJPq7zIp4,d8DjQCbxVJMm6-m8yK6QOR4LvEhYNh5h8kXBORR2Xo54ZwI,v87ZhFNnK7TyErgwTBoo-EvLGzkQGACB1G69V7Wl2rNOY1TT-uUGV_VPMWJBAQHQdzOm0mXsZ2fkFg,미드차이 에반데,938,1605508757000,290
222,fr41oT3nXkKRN96LBbii5uNCv-CANbsUSW4A3p-iqGLB1Q,toFc6ojM1ZsQNMTjwo4PyQuNeN_dbJ5CbmhjZgrgUFGv,RbTQODxQ6P5JeZAasDRTmmHGQpFOi_qpPgwtOMJSsoL1jLALiDr8hTZcfUOmOv3qPrbONmthZ8QS-g,벼 루,4568,1605038502000,146
223,Lsecv0Ido4iQhMZa95ug8alXr3ty5oCGTJXO9Eu6if3sKbg,XrpiJe-0YyPMCfh-OrJxDYYAoZj3YO1nxvLuzajqh4xBzIdaNKfCvL56,yUCCJ72KB89-Jbe69lIgqgoxAuIEzt9kWVmDlWgVL_Rph8o7J_aBD0zBueGNQXMEfVm5g3qI72Mk8w,MidAzir,7,1605141323000,52
224,xBQgJ50helVr1wV2sMEvSXdchAE3evvh3ow0yAbqbjToyFE,DvTlNyEYrHvjC1PNR_yRWMhyC7XoXpobyjPBRJWmnAFe3Ac,qdYw0j5mLLfZVvmccdcM1HtuxDAImpjnQ4WQCTexZ7a5Nz4YJ9Rym5FmMcn0JyOFaLYnH942T_Wk5A,사랑이 방울지네,4050,1605386630000,296
225,XFb4o3c4qMZ49ko1IoNg9VwOvvtPrY8cCi9l00NzIANZk-Y,2zQuhUZCP9RSjMbPG3SszZJ7-aWEm-wK3eY1WtSGs5dS5pQ,YZqCtSgxTQM5hGzmJyHd6tG8g2J-t0pis4UcCpL7vEywJUd1dXA2hv0p5Fag2m053-MTpD-wyAT1GA,Querido Amigo,0,1605523078000,435
226,I8MDutVtT-mscQ6YOL1rC3W8_zFSXbzPw0bhO8b_LYvoeDk,epylMhkHI3syDJlVszvFwN772y5CRtJqwFkC-2Tbc3i92mg,zRpPETlIHrwRNuQL8YF4H2O4-fxlxDaHCgUhSCC3nTqmlaHP6dXr6YCod4TNQo97p5VxHc5ozg6JYA,평타에원콤,3147,1605499469000,234
227,OH0mlFhvYyXnpAs38qxF27KklCcj99BiOtdtxom4c1TeDw,ubkmWLnnGnPudNMP9OKZAr3dcRgDE8BtvUrSRYdZH9ow,bmI7_COyeRH2JYYHnYt0KES6y-WxEMBUPEupXmTrjnjDsa_zOj3EDvdlYsvtSLJa7q-CXj7awOY-rg,한만득,6,1605512542000,322
228,8XoTBW13ua_W_e0JmfYtpOiBWn3LtwPIEO4any-oB2sP0GA,YlBe6OZAssDDNRx_3s5c-79ZirPggvrgze-f3sW305j_IuY2SvD9TKOa,WXaRU8AdDgNn3oqpR6hJt8md-W3Hf2UJWkVvn-a-cVkQqK2H_-850hQGFM96pSEbr7BqgOhjHr52mQ,징징이의자살,7,1605431914000,156
229,NC27QQs9X8MB2wsKE7NRnCok5YHJoJydXbgb8Zwh4HgdLA,w43lz1zdj0qhzP7V_rdg9dAvatmEcPm4ip-F4TpJARQQ,fOKzsoTTGqDnZinyxR5bDKrK1zqlj_AZ4mEPPQPMcBwlKAUfdUYZ2TiFl3Hv41RPRYLH7tluhKUwcw,펄만시스,4763,1605421883000,327
230,n9w3bsVPepKC4KRd7qXbpP4NfLFC63JOPc7O5NiyVBWXp-Y,tKKYpRW0RgPiiMjTIqoQgSed8EpbVrs4Za3BpHVcj2HjgJ8,DXwEht8jFbgTIJUYezp_xvqsHl-cXpumBxAKLHKgDFFj9miN2BNUhb_Op7Ut7-tBrvj-l7QPjk6jvA,롤의소환사789,4763,1605297653000,259
231,PctnOvYs5nek7e-OYPA-yOhSp49iO2ngf-WuRjaF8dyV1wQ,bETb5r6dFc4flYTRCs4KUp4R8gAK8-EtGhMUiiOCa7kjYOU,edhIWDX8l5R-Ple-bFUWvOq8YJy9kw91UeGnoVqso42XWI4O2nfBSYROARSojjrBQXBHNy4r-11Yew,감수성,1425,1605146276000,123
232,CMUtKpAACeS3hn-ESyrzqiOvruiSDIxrbF7VZOLPH5hMh34,TqSCeiNLcxjCJl1WevrvYlZYDoNNsr0WmasioSRvM9DDNcE,9hypwb_TC-R88Y2elZazFfBdOhmlqAGKvvv0MZUPgNywgyt2OE9fTJD6kWFAIiff8v9ZnNUn0YIbgg,아칼리삭제필수,3797,1605516479000,244
233,s9CdhUorime3mQV9FRWwgqdjiiQPwByHWw5EXbvf-EZXbBE,2G8jGkxHB_c3eFaZsNSwSQ7Qrj3O_uEsxBU_osMVg_2-_4U,jwRCzdHIAkSeSQxvZ8j1EI3mdHn2y-IggUkEFydhBmSiC_xIxNb_s-FAQI315TZt27ETd-rlRXdCpw,CIipse,4655,1605329806000,243
234,1BJiKmvv3igGUEx4CSby9udZc-kvB57SkJWUExIXQqMY-gE,4Jj1uu2vD6C_O8l_g580cNMkqNTNIhn9v1zZ1rpqCnaZ6n4,m-0GIWIjHMNg82C89n5qgDq6isR8JLbYLHgzBw9KtiJVP_2K0ULqouM1Pqvtmng0ClTKsFx3J9r3PQ,미라클유성매직,4657,1605328470000,166
235,nFPeO9QPOfpuhmTFK95i5byVHBdswDi03WpuYdEyMKPOXw,zCefsI4zfhalBC5qdVf7w0DBSKPfVe9L4kLw4vfVmfTp,g-mBStU7vCXTh7RrMwphcdBSC41mRQXShdMAIxPZ3mZRf799mHlGSpNpQooZAPEvCRwK3Znn1ciudQ,clever2,4626,1605465307000,279
236,mOB5paxxDckHGAqXO5zG12gHs0_MZf0wb2QndnzsWEM-CSg,2FlHNlR7hzTXkyVM8BlxxwRWSavzdzKIKTG2Kw-sWEjOLmA,Fk4srw5tZYBs3OSStrIlTjJpoEHvkS3KXZ5ZeyreUxENxlk5RgjfDbYbfjjZZOORNBsAkCxC2T4wSQ,DWG 쇼메이컷,4691,1605342378000,244
237,llQ9cmIEc7T2kbXuQjMohHrUdS1PBJLJPECqP6DcDcr1CQ,C_-plGyEFw_R0n2Ev3NDYmOYPGm2_rpJ6JrJt5lMXSeN,Boo5cDPMrnCtB7HC4a78R5U0dOh2GHyTnPpqsmQXqBc47zpsTksWPNtuAyWzloWj2FUrciDpYYpNfg,사나이온,924,1605419435000,303
238,4LH3pfunAVGCNw0Iwvepel3ik2SXtnEcEZMu2AgMcG2aFl6H,KrYsKQ0LfaDDNYxKsyrVV5UBy2hYtfqe1xoyIU2bDbO3wd2m7NwELzqD,v19mgDDYCW-Cp088GREn3NXWdcSeZElzDusIiIpDUQdipHraI8STIXNO9yArOaiiqMoyZnnf-G4oag,고춘이사과몽존버,4779,1605393478000,59
239,DFDfqRS1MXCSrlgKYZvqfPeiyC07197elPaegw-eJJkgdH4,Q7KqAlcD-rLX9juw2JvSsREuRxVzV56BEzScZxRs3buXAkQ,I6EbOGThD9WpQ6tbSWWXbLAUFaJwnMONhzJQ6gpin5mlQdrfCwCsFVayXDlxdU3dJGQhPlffL5pL-g,어썸한게임빌런,4161,1604462499000,372
240,kGHxMqdGIeljICTF7ZG0Z-fWIP_rN1z5qpKk5OQN1jjAKQ,L95cQ5lUdPALeklYdlh17c5xaCygoAWtnoUIV-SdGO3y,uTs2Vd5S3TPVlX-4RsyWkqUjz06zaNotDR2JoTp2Z_PGOyqU100ZAesGzKmr62Wq1nGBdLY3PKm5_w,소듐팡팡이,4706,1605519242000,395
241,GOMYZForL6DbJjC49FJf5-fAAeS2xre7hwJ_vv-hAJqKCrk,zq8-dAX0io5zonC5Het8zkQG5bICbUAnX2D29cJPzcuEHgo,Xrk56REuJw64jKRE7eIdqQe6TEomQFqj8Q9UFI1V5P0ed74w3gsE2nk2PZlist_1_pnkJ5I5n310pQ,사슴은 깡총,4021,1605414626000,357
242,nKWk8LKKT_44j8vLm5BGTDGy-9IdwwLZE0eaJkmuOBYwe8s,IneQr5uCNQKQPhMxig9YgCESdEu1AS_kzlF0kOmjOnL4,PT98LESe6JyxwVjoavi9kCdldwql5LV7rugvJx2GXx8p-2wfP1HRcX-gVQXIuu3ikMCccdaVRJCiCQ,겸손은사람의미덕,550,1605510710000,171
243,02Ep8g0UYlVTzDDnAp_rt6kIeOJa-htkLKcZtcYKVG9XCw,yobXQnhjdF0Bw73ekU64py17lwLjBB7VoruURj-OYVoC,WQCAwH4nLOVHlQ6UjNzuf67v8Z4D-HNFSAqzouAVamX4ZGz8CZaxBEZtpZ5ciwnUj0ZbpzoLsvqOZw,247죄수생,3861,1605383220000,324
244,JBGjoc8mTMnu5I6-9ukY5HXRvaIX2sNdhdob41QSWktiK68,HUnuJLyIXY3NSIqthWIjArVUVmiRk45Q057zvDiOCYvYoKY,QIMtfuARuJQbbl1JptZRz9m6iWCGDLRq8umUAa5ugfiBC1rwIiEJ1PPGUf_s6disSdxDZjJQxT6r_A,으악 모기다,23,1604735490000,220
245,bgcWXan-Ji0l1WkpRZ_B4FSLCYB56KbD0j79fI3hja-bRw,4XJGgjYvC-KuIDtbSE3p_7xP2-msKiOg2g_8TC2cLXiC,GvRfH_B6G2w_lf25542bYgRpS4wHIt64MC_hSa4Mx4jU4CQKCD1JJ14KJJhMupDMhtrXT3dPZsmX0Q,DRX Myoby,4781,1605359912000,240
246,UyDlvhpbs3vWlgU2D90f6MRKW76Ilk6_l7k9FtTqIUyuc0o,It_w5hbshdvKimXrwmsyuOA75z4L1kckKJPoEJVRrSrjOrI,TL69d_41zdVeBuOR6_BYeslC-o1izhKiZcod1Q0O4Hu6Sc1LpaTfcNCTC3qabSJIYHQPUH8oY-G8ig,9155,4803,1605481342000,307
247,1JczX4fmiszlh35vEIA0bLrUHGGqBJCluvCeXMoNNIqLky0,IeoYUxbY1ef6E_fSBCUoEvcOzMSZGiQ-MBgkDPO2hiW8JEs,qGi56XCFVjK7rynReZU37kiaFu_3u5sfu8yl6Sx7CSvPjCQmSBwQbJMONrBxDV-etzwipzGusrDFWw,막혀막혀,4782,1605501814000,183
248,rfEG4r-ktq21DcX0SrpUY-AFtods69Ndjep6vifT-MWafA,qcjNY0RDmwD_40He-erWF4Sd6n2Hu405L2tzR8L_ses3,x-gn16YnkSFgtXxodC8Q7V2X9OUD3f3SgYOGekkFZ0Hf6FoSPeQfrhjYiuLvnpplSRZjPzjJ3bQkgQ,내 눈에 띄지말고,4661,1605397925000,87
249,x4uh47nMBi9W6kL6T_LHUHzXAb_odd9sCJi44pdWUXXLYTw,ZL9HedmScFmnFtDVO2ZDJrnronqRFUPakLciShPaHi5Ch_dzsHraZC-x,5_li5OwTn1rtMOsPI3rloPDW2SyHjLDDMGkR4qJlf3BeFH0wR6332PGTIW5P2JXdp5kKCUYz0tTd7Q,AhriAriRang,4802,1605486199000,141
250,ZCrl6mV7B9uxEX9OCMHqNVPwm2WenD6z7TaGyB3Qw73xUwM,BxDfKMPZsQsxCtRQkWOcRlzqXPbbZIHH5UKyN5gueySw3ZI0q_yg5atr,uD7Eq5uWlLDvZaIAJ_VyXeoe7d8lOalFXYz8XbjTTa3b5rNPv3TnekDbdJOrYUDJomURkgaZOZRPwQ,백장이,4666,1605541180000,120
251,pFAjdBvpnfdvBUyfGLLcR0HXVbr8CH-eAOTN25ND_spvnSI,BpkpPdgnKIhBnxoe0trCcAKsU7e2ndulkeFa-TzgTzcx9qk,-V3dyQqiwcFHsdzubvxTBRsQfrRBXJbV06HNFKgIPSJn4f74w07seMvg9zqHrKeRMMCcFCnSHn7nMw,annie WP,4418,1598765723000,562
252,uA0NsFVAYVdjWgVKWcOVvEW4dCusvHizjpD8hiip6QubaT4,z3ce_vHlKSANQKvHeQLU9Xd3UHEbvTf1F1AnXGfJOMwRL_4,ppVY2MzdAA0sKEuH6NMFM8Z6o-Nl_n5m4QQHa1rfKL6S6ygHxzm59ncoNeuUGBmfmJ3YErJudkwcWA,Cesky Krumlov,4025,1605496766000,464
253,Q4Sq7guGnXXcwZgWAJavF_xKLt-KJpq-7NWG79xfS4djTg,3vC3pFR5OxETYMc9QiyooUNf9yyRAJy-1WrjT58ThmZ0,sCwdNmPgHf-CdCB64HTvi2mVD8up5g6JyZp6Dg8Do4QST68zWoe2iScqmeDK162ppwm3j8eH2ATgzQ,롤창인생롤신병자,3478,1605422027000,226
254,II2IOHvyHcjzXZ3z5ho1Nkix4bV0sEf_bhVekDUmNTiUa3I,KleKOjzhgyU_Vj9VNJ4p7ZlU7ga5k-pqXBi_Xvg3ymiNp6E,edTq4tC-Mt6Fflj4mDBPldJt67VSB0jkIpyO53wkTQbQUTJLkLIOyIP03pl_4a1GuYOuhz8g0bdmlg,s왕초보,4765,1605417839000,187
255,wWaib4UHjztIeNrBv__lAbzTv48UEZOJ7qCxfmGONPmZON0,uypa1QtuQPE4APBK-vJ8UuJZZYq8p-gGF9a_UoTW6XAnd38,y822RPtSdnvgji4xZiAv8_-SVvqy0DM9vPVnT12Tf8pkWNEU3IeuLsQZZ6IctescamE2B_U9U6zdAQ,나르하던 여자,4561,1605196437000,183
256,GCJa8CyPqdr2iuTl6XXbrgT8AlCsU_1ASXq0PVk_tXWbj8w,22aTyQ0kyogpHtv1CruHwlwOwprcLTMHo86D489zGB1e37U,ovB7Uvi8N2Xe97zUIMyjbmEEI_Y0LJNBRJ6dmMDMZsD-PgU8BUr405uQ1qBtpHbkgtra0FfOvj2ftA,연승 후 무패,4568,1605147474000,319
257,SYm2P6c1eBERD50huRNq0i7FDPbQRxBHaZ2WEIr8ZEStE5Y,e0fLEo2SIC3HXAuNseTggW_5cuwGRVLJv-7wvkMZUJ50HvA,yOSBnqS38N9EbULeaxkBR9V18PMlb0rZ5B5q4dsGLp_kMGbV6Y8cHm_PUViDXdwxtAyzurIlxi-Hwg,결 언,3780,1604087374000,197
258,sW7bTRyUXC0DmXVGPc9L_X__dx2nAZsy69bX9JoaQRQ9sqQ,Fm0-5BnmCVgf8TdK9pjwdRV184kX5fpUSKZpTO2t5CLfqUE,AG-iadWMBslSD71CDCQyFGYatLjt2V36y258foDoZ2fER6coDTdfe_37SsUepFz2gC2wUSA_MaqRtA,나는와드로때린다,4763,1605490561000,119
259,j1YGUTD2eEt4bUWv_P1sKJMP31Bovbvebm420F5k3hS2qbg,bEazby9qqX8N1Dh62WKtmwY9q_fqmBkztcOAkzDYw168gndyLwDd2ead,ZNITVwlm8CBmOP2dQVqtirC7yrPMcXyvPPxsbsoTUI6jewhgI3wtcwo_y6OGkFPLe5niFR9cM8Nv5w,네버다이 올라프,23,1603012732000,193
260,lZ3jM-Mir4MAi2PLFDfRfuszyl68cQqKkp4-uaPOc66HVlQ,oTlwmaELI_wBcW9D15xsjPddiJqhux6rYR5VcP1JKMaJYoywkEjrMPV7,N9ht8dIMr-NpuCKO6jk_7leLHlBzbdA8b130KI5vUxRRpka6EitvakNJquDhLkk7RXvQuYnwvA7jwA,루시안 교수님,4655,1604023046000,98
261,KBhlV0vuh_dkQ-rkuLSkxTjJFfTfswXLGRvHmNj2JMI1nA,horXSa78qP-OZwKXX_2UghuN8d3DGF97nEr9N5XjQinl,EiJYv8C0OXey0AtRV7zx0d_vLLvZgCSoLDBNQUpEGlA5KXLJulHdXcB5Q4a-bJTZjiA2FzJ2Oa7Umg,으얼헝,4659,1605334823000,236
262,O28LkWdhaqcNRsZ6zZddNOI9NyBe39NzdvfyhQeBxwnUo5U,Z0ubphEcE_wjaVSIKTQ2rPnyMI1-1emE7ZOa3DTM017uv-Q,1wGBVO75-MRyIEGBifMi84s1bsTN5iDoFctPjCPzjT5dkkZMlHl1ft0dezWZ1Up3ip6MEsHrMDLv7A,Seori Coin,4793,1605511482000,283
263,KRzsJqtSFpDolCMb-jB-eivZRnbMZZLVkcPnt6Pd3lD0iZw,ktVOBnmdgmcn7eCuIdQm5QVZ_2GT-dkKo3viE7uM6Y0_lnyvfv-xaWe4,vy2cVvKdpDHhK6Da0mnFIuZFEEfBLZ03a1cFeh_a4b60EsHRnR5UxO70Ca4S3-10CnwfXd8DFy4Lew,설및구,4690,1605091118000,87
264,-zv8fmTTL0H45BH-tF5wa866hBXHowoMA4zE0ifPNCjKL-w,LnA_BGeW8kKlYYInP93atEzioO_mfBkStSDtKkBQxLNnw-BYQg_Ccdvm,_KCXLB_VC5i2eqQhiHnlTsT8B0BGgfnOut5rATOKD8jgbc-7ndfju50tVqxZR6_JQYjwnrjN39qPBg,kym0304,924,1605415094000,119
265,522xNnJwQC_pmrFjn3i4mAop0WeBZJqZfcYYgSLI-um9XnQ,MS8i7xzczsZBiC2Ja_Pbq37MJPVL3tCm47o52UoiHdQ6aWE,NpCisqbZAUUrwgfB-ZZNrSa7N7PPlxAo7a103nBxOnj3VMjjH38gZrC58XKYPs68A6QBNbf0Tk4u4A,케어좀,4613,1605248152000,45
266,DJbZu6SwAcpdNcWJXjuLkZbb1v8N4L4AELIrLMt2AdAEZg,OcMRHQBu3Ohk1J8pjpgv-LYc3y6gg7g1DsrP-4AoNqz7,Ebejt2sB8m-pXSbwkBKj6OWOb3eRQ7htzWCNYGc4Azv-cFl3Dn7OC74-Q-wpEtI94_8IS06c2dQhvA,깃털빠진오리,4545,1605336559000,496
267,GMuvB7AjVLeUmweUAG5xPejTHgB3ta2BIm52p1K_QVOD8A,VXT77T3318jSMKCp7GzIIx-GMTftN3_HmnnmLzhMCuIN,avYD4XUHhAgZm0ofmAGUYRIMf3l9Og6KWvqoFknYbCeK0NGPqMjUuLvciSnFoSOtnsAVmRtigCY7-g,코글아재,4661,1605218631000,373
268,8l_PZYh4_fIBUkPc89N9sJyHyvX7ZmUYWkTkR7x0UTOhZw,Uatdv9GVh4I2fwNtmETgvKqaoNGiY-I0z4H4J3S7sxrj,QilokyLXrUmkcN_DOLojmloa8IDz86JItqRdHpbMw3HPbXoj_AL9jzxyY4QcMF2m-R5i-6i72-NMjQ,TearsMinds,1433,1605411391000,73
269,rQqQMiSpfIYy1Wd2KWk-IYgpCSkTy-Jo-eHS4D4oppR3Axk,QFtM5xgdCLs9IPlIn2GRxWg_RIcSfecSfI83sOF9BZnGwwA,DLE8ton-sWzq36NTvxSVYqgwKfqolj0KrxXAUov1L4Cls0ZBuNNNt07ofOeRhfY9-wvNEE4WY5oLZw,수유리 상근이 ,4707,1605410643000,148
270,eCAA8cMYiCKEdy9GZfNjUlUmz_AVN6wcbMX3Lt6aAfdYvg,g-3Rb3yS2f4PESnbfDKMxeJfceU0LC6Xy7-FDOURG5bk,QDcrfYG7L_p68JZpTrBip1HnTQ9iMYFLGp0FRmXfaOlw2socOoBhpP_XTjSJtlkxCfc3pE-s0ihQ-A,나는이미틀렸어,4796,1605503943000,359
271,1xgxVwxCm6p7j9lu7I-qfGomSWS9hW5xF1eTRctnNV1yCg,IFI4c9YKFwu8nSuB7bGjLdeGBWiuBANwSUdhuhUZbENw,tjidfuAR9LfckjX8o33vW1Vn8EfZ12MC7SSx5634yH65gFywadr2k7NDPHCLQNuoQ8E8kTXe96lspA,라인의감초,3800,1605171998000,205
272,_q5-ItenWSbt1OISpTqdNvlqbSXC60Xe45T7Xzl7eDjfAKQ,jzeLfSZ38ToCtDNgn-ROd9D1x35DueA1cRUI3A0qf7uLUIg,Q8G-z4zKgtdyHnq00lknRRBjaeSMpVHMCE2hapnWKI8FF_zuAUOVpnhLYO1Uu-LqDCM28o3HOUA2Dg,kr1103,4707,1605507957000,220
273,sELcK3QjZnU81XtGfrioYqPXRBOL-uzyA0mHGvHbYVO1kBI,Tq0RO1HiJG7552KiZgJE6l9hDJbso4SzGhul8LZ2mJtAShw,tNemQGQ3mYUZE5q2rJ_d6LivrZ9K1bzYbut11rbxYx0QBlqn-Snhx484105gjO_q8CxYeLOcU4QWkg,천연암반수삼다수,3865,1605431151000,338
274,kFweVz2kq3qsL8osRlWFCfGXzNwW80pSUSKnjXeQB6ANjxk,ai_mMf0Vs-zm3Jsl-gBJFTPRCjZXNHFwqAv_h6tDci4eV0I,onc9Q6kxKzAi5WgIlXhPQHSoigWzb5lX6WQzo_g6n3kDrS7r4TrRIsc1h04aPRAxiGWJKS4fP5iUNg,승호야오픈자제좀,4787,1605519566000,143
275,kFweVz2kq3qsL8osRlWFCfGXzNwW80pSUSKnjXeQB6ANjxk,ai_mMf0Vs-zm3Jsl-gBJFTPRCjZXNHFwqAv_h6tDci4eV0I,onc9Q6kxKzAi5WgIlXhPQHSoigWzb5lX6WQzo_g6n3kDrS7r4TrRIsc1h04aPRAxiGWJKS4fP5iUNg,승호야오픈자제좀,4787,1605519566000,143
276,J-J0QgXqYghUxy9hajzzCuBJt-d-f3aHHfhS3bH_RJJSeWo,1cRYt-_iN8gLx7xb99fuxztGGj0EwRFz5dDPg8uRf0hCt1o,16i7llXv8SgvyJXOoByXOZxwu6Lw9B7YaNFI5Grs9kEIeuxT0apYgrmuLDg9ZinTJDsSQZvTBkmdJg,초반합류안함,4707,1604735530000,84
277,aj7jeHoCWhkgx2duXUYF8IbUlrY2O9bpXPfeZDeARPHvpw,yKZ7XY0n8AFVqwlhrhby8uDZqQPzV-YNyPNHMZBhpjWx,Wag_bAK-A4ouqEZeXCsux1fEpYE51Rio4KH8y4MNmiJxaH5OMZchYiokfQ_KIcpLtDnhjXQixHejNQ,킨드레그,4629,1605482752000,264
278,NfHyF36jcaMC8vSyMl-bS4eG5rR1YU6nCovIgWIbRRwDYQ,oWBPjfnAXelf2WEGdya1DSlIWDvpSDykGtNMVA2rkV4D,xI7faP5B78yqitd51ToOBUN5-Gdp7xpKYKyPmtLsBn7pji6oext_gSfFkTZzrHDD0-de6KDGWaQV1w,flglldl,4748,1605372198000,154
279,kPvVALC-VaPSw7Bsjs1-vowiPhYUQ_9XWVlxG9rPcOwsRko,y3BnG1yrM1uqZSQ_CMenPq3xU_jAeChXx0XL2xDu5RqfOjs,5kTEYCtTHhCmhmw998vxyM8rqSzULBCJASb9YTPEoXbpKzcbhmxNEJXxyZVd-D9G3zXvCH3UDyALlQ,펑타싸걔 이호준,4803,1605505839000,351
280,HGvEEkCJxGrFMDnEiCHAnC7tZ0btw7B57ELpsMK3YFXO8xg,Wo4DZn4BU6wCcF3Guh1RLV74wvjWSli62LcAmqIrvNVYZmF3xXRaudjV,7Ro-kSCHI0pRmz2GhTg3F83FQrRTXau5sQX3pwJCJwHceI36ntfepR2x3iytpGEb_IDc78K91029Rg,넥서스의 수호자,4498,1605512017000,161
281,_aJHE960rSjgsgFdyNCp3Fs_kjynDyJllVWCb6GeKoJuL14,F3rCBX3O3jay8emCQCFzB1eSuVl6q5qdheADf_5qxy8mHeAGyy3JzT5l,uF_TqphGoscGTu74J-oLqqqtq70TJN7y4OGtydp_UkrLdmEMyuX4evTvLkUJllZ438h8DwBK5pOE5g,돌잔치때시야잡음,4629,1605521897000,141
282,6BXgqadhzWpU4jgip9CYyZfEetmGFS6w2Ajr9SPSFpe6npk,6Ptl1KLVWvbrzBVW9au1My0JWy4Ao7iT8umxbag7bleOJ8n-5c8L9R3P,x9RYS5PvooP_xuUedRhQPJwShmNX2QuWZIapg3oaWKvKplmhC45qSfCWiLWxH-hwDnjV4C8TIu_BpA,치사한돌아이,4803,1605399341000,122
283,6BXgqadhzWpU4jgip9CYyZfEetmGFS6w2Ajr9SPSFpe6npk,6Ptl1KLVWvbrzBVW9au1My0JWy4Ao7iT8umxbag7bleOJ8n-5c8L9R3P,x9RYS5PvooP_xuUedRhQPJwShmNX2QuWZIapg3oaWKvKplmhC45qSfCWiLWxH-hwDnjV4C8TIu_BpA,치사한돌아이,4803,1605399341000,122
284,S6Appw-FR6lMfU4QkIYw_AkQcq-5nh_QE5-5hIL_M_dkK1Q,BcH9PO_Yday22TuHQVWGCCuiNk8AI96e0GBBtZxm-AoFhSdaHVwpy2xB,3I2CVuXEmkeOpyflrtRVYJQ0b8V5LlbYRUAItqeHtoktLXXCXE6JPxEhlGRVGDI4TSwK68dsRrtzpA,spaminist,4748,1605419548000,149
285,V-jB9_CmJunO-MKUN9yclGk7OsaCdTSah3GESKiSvHzLMU8,OBptINpazgxXM0ZRBehrikTsRrdjRDC3aOwOHHhkyvNgQe_Sf63PozY4,cHBOfqvVd64Ij0R0VtZDdFOSHht9uxyeJjjmFn9smhClpgszUN2HMowfh1CB2HxUHvkW0mva71YFPg,춘천쾅쾅,4791,1605501324000,198
286,ukYJn0BLDoQ8rteYLfIoSzEGBXAPopl3TVYgvsz5Eyeau68,PmRyHRR1cZrtS73xaOZ2J9YIct4XLqw-Jygpts1xNhla7L8,qPPzRM2xYGD_CZqOcvGviFj02JBSJfhGHbVw6sYyeQpaWZF22Z0_teXEEaTWZ9jY8XUuw7EtgSdfZg,삼각대가리,3870,1605364832000,307
287,favwSWfDPjyG5pvWwlzEyV2AmexkNmdA-utsxJbk9oBXv34,qXNkkkwGSeeiWpDG_RZA1g47aG24Jo2D9ulPbI2IhQ4FNzE,wXYB077O0mky8KxWx6JYWxaN_zdHtGnA2pnN7nHhBHIxCcQVfCZ_s-cdBxYT-5pIP6SLFc0GluZB-w,A SnowMaker,4629,1604016457000,198
288,nJxG1qwtw_k_BCgIH5VLKZd79U7-opYr6s64KwUhA-lHlg,go2QQ0QR3UF_4wsyrISwS1KPwdZ_ZLjK4FlHdwp8JqWM,2Y04IHFQYZgmE_r-9UWt-rWFq081BVV1yF79KtbFe_BeoiQ70-dOG461zEuzXot8DAb3lCjSvU4fkA,뱅나니,4763,1605168287000,174
289,6gZtMyhNigGcrOwnVzhGZUHMxMHZNHDY_ohP_7CXZ1gWWE8,BWG4YzFXNM9uLguXgr3EiRkLEZdxjgXo1cIxSpoDnZLyGBk,1r7ccOa0A-1clkxVbaw4Uj3lshdKTXJPFOJqE4SInA8sf7jQZzqIyuXUbRS-senI090qB3Rl1U0Ztw,군도의 진혼곡,4100,1605417314000,343
290,N1F8qtjV9uae-FNLom1lNmbuvZLV113XyeITWuPrg-JaLmQ,zHq-2Z6uFLx9eHcobPKL92ZfndfEFS8LJicNqShhOUsKrh4,sfosRnvbeBGwajAwwxxUsBGx-M4ZPENofipFGoJ3xgBZauSWcN9OWcbS6CQ1t3dfPiTxHj9SHu3lcQ,DJBearfy,4568,1605316313000,274
291,Jvm9L-gGbouFWba7s7q7mWowky3xznOask7BLX7iibi2iQ,7xvLm9m0Ro6odPvqXockU4B14re0tXkl_wsEAFbbPyA,oKC0vUBGk4NHeXmbbRZuupTH_H9FVipVOiYCiFNBPvsHQm3mxcDAfC3cgCc2P-M8mmD7phD0rXcK7A,회색사슴,3016,1605487483000,178
292,u1GpktvySGDN4DODaOak_SaB-zsXo8w6pNJMOpOvs_Nrbg,axdyJWUd5XpIqzCnTtQ0oYH96dt1wpAMwIGpENgB62Ea,aoSowx1ZyKa32soEVcLYH-TmM6zF32_BMqVi7Q00oetJ2JBJfcoPF2-Q3QUMKFrY-0EZzjZcDaSJtQ,비포장도로,4801,1605537546000,272
293,Euz5yfYYMAWpSaJpp8tk8hlcLwLdlTkRn4EB0vXDMw5cnA,FMmeTTlhTZKcrRVE6tFkfhhqeYLfy2N7X1Ij7tLHGsc,JfFHBP8FdBrn_Cbm4ukEA9XfcEGs7M4CDVEeT91UWkxs7SBfqbTaWIc41EDmf9V9mptp9wtNX6rHQA,도란 하위호환,4814,1605400912000,193
294,0RJBofpX7J_JLVeDbR7NRZgW0Y4H7oU3CXxvCmx5lgKoK3U,R0iMywkl4lgoE-hP-FuIlPIR0Uu86CH1-GLn4rEzCem0Z2U,9CcyVgNNgsO9-9Kwe8nUPmPfSLfTCcuacMSK1N0BxoomYsooxsYuiFjebL3l6Pol2XRw_PLrp5W-vQ,나 이럼 섭섭해,3543,1604989166000,322
295,u1BStjZQoIrfmEGouq_p-fN9H_25kO79xurjNZMq3Um-3A,mEbxebwY6zh-dXa77p63FngBjhg-VklKI2m-_6p20hSY,35YHnhLEPZruSrMQdgmm8Mu0YNH2gnxWQoSSXNsSo2YKlVGOkDtNU6orlbJjMoupw_PreXiBugt0Vg,gaehoguda,4202,1605510314000,49
296,RZFicqjNfSxqOYG-nHdbzXIIR6WZTR063oUkg1WR6plC0_8,ozEmdjHAEmiU73OiwZt2lZ49QRXuBnE1qbKi1KBc9_WRH2TC84P_lSvH,peHb0GFU_Fv_rSM4DdIk4hKaP2NFVDO-kYcMkodwM8qXye6fxkHVg9KTAZdHsNjfl-rc3Pfg8_1eHA,사자털담백,3632,1605416635000,160
297,b4zG0VCti_5rWH8YpGvQXvWKo9Et4_zGYTXcTCiI0BdxIL4,0Fry9e_WqBIqB3-D4s7NOCqzXit9Wl5WlLgrJQ1KCdvN43bq69NXkuSZ,8o8WUFkAK_gbQmjthuIESy7wVjDJ3zic6ckQuL6-W2yNjtlhupwmI5T6r3kPa74bMKPf_PUXUnQNXQ,내춤은곧자유야,4762,1605506252000,62
298,JCq-W_x7-nmdEztPMBYRAXJ2vGxFPz9aOZVbN6NxC33BUg,qTtC4Ym1sQ1Oc3ARuzkxypcFoJMTgVYiTNY-vybD-lPz,Vkt2X02ADq_GS_nYSDFXsRo_6haLrc51NhvUXvAEWEIkwu5L1wdEoexGTyvU8Jar_U-3OzMTaqsyjg,XiA zzaya,4779,1604960827000,304
299,vK6-76c5RIK-2f4exRzqjch8UB28pekMQqNzFkx4uTg9n70,F5smqXQhijX1KnvYfSnw2JmI5-azevnn0U2aziInVwRYJw4,8X8SZESodEvMlUtGxmdlGM9L5fb-ikSsXA-a-SHqzuaE-bMPuvapJ8qU2b-FYx4maxkp2Q9K8VdaCQ,딸기맛케이틀린,696,1605427367000,195
300,FZ6Waj5BhIwHCjPhhVqHMrtUeb8lm1oo418WforsNCFvTS8,La3ULzuiWcJin7DYIG3_JG7LlBE370nEytwdb-xaePRBYPwIJqludSgx,XOtQxv1T-lhy3fYIj7WihF4z8XWv1iqBCb_dfXs2PqAzWELIrq18mg7xq_gs6dZimTUErMWpYimfdQ,신촌외노자,4568,1605334878000,106
301,a0W0aL1iZAbcVyJUqtDXpuKAgtqGfM2uzPxgkqajqPrZPQ,Tm7ySq0A0WyA9OqN9gqwPAiCB1D0tZqKCHeuOF3wmgJI,s7y6zuJLX9URkHqawsbzeosgngRv7NZcax51VVK3NCYs3aGAn2rMii5B5CzdJO3VDpiTEHlBiHckQw,헤드샷 한 발,4277,1605429181000,203
302,GgOHzuCNcaTeYWOvrbupB6or0izmYIhnwVyRW-nscEilHFM,P8trZwF38TtIbFE9vJm4zwGyAsHK69Yv7dUgbDELXr9F56h1Hp7QPRg6,8jc5zMeaxeFcxHZGQuvPBKNiT7DTsY6uGGm-CMYWar6nA5zotY7rbyUBAr118Bp_T9ztc1ieyor0Bw,Lifq,4759,1605344013000,67
303,xQx0nC4lxAtYgky3S_FEuvcTM6MTChG3tV8CoujcFAmCdOo,IcvoP5n3tqezAWHanABbUyyrzi3dozHsDUgYWupiOzAMsAA,rzSiIBaW00k5W5Vml0nu2A0VoGy7XSgDkKJpD6SpHrFAy-PR-8dhniJ5OYOAtfD7kCD8wE90Mbik8g,롤을왜하는거야,4495,1605069237000,166
304,srGylOHiZX3kZYe7rshIWsHZ48oMvKks6aWflJxBEHxSr5Q,KUNx9ApMp2rc6g3ppFyvDyCtGUOseEjQDz7nD8FJT6Zjnhqm_RbuncVp,NolWbeW1rxW5Nuc_AZM1gkenwN9cxDQ7v8AF_Ow1cPxt1MWMlfcEdzW5gyVoNf10RKIC7ChZT8LrwA,안 필,4655,1605508637000,76
305,Axk5UV6np-pxJ8cp0PVO_f5OG_OISQi4EwovBHR1zpTpX7M,eh8cSQPl8wuquyHsuCKJf-FIjJf0D6ZJsvK5Nn-TAZtdoL4,WFoBWKPqrg2kkUvxrWWSvQRquxfvIT7zB3GtTbsbY5mn8-KkEtPkUJ4xj_xXpLvNPPk0EjPPjQCXBA,남은라인감,7,1605338449000,236
306,79R7aRGyqfIFCR46uxuCVUbDt13xTwbByxLwzj7IEgxO7g,O8bzh3fZgjtG-nkYQqmNLiawvJX45taGmQB0ra0wgI4,ItNqBudHJzJvKLRaKWzeeIJhKUnLdgJ1QvX1zZ_I2yD-3MM5x9DLJ2zEl5-f93wtOfyAnVoOWANnHA,comaTT,4763,1605505956000,173
307,nL7IMyJXokGb65NIpGE3jpL69t1el5DST2jmVPlJjmcvdQ0,PT3pLqzGSAHINhiuEcVqR-g1uYdPdhMNpGgTbkXW2ezlLd8,6AncCgCPTj5VBiOBy8lN78AQoBhppu69IowfAQBSsG6w4m98Kow3VpiBfb1JN0Zs5ftzGYxqmNTjMA,그류페인,4495,1605517419000,229
308,W5haXv3eqjDH9L0w-Ry4IOJoAgGFzqopjCcNwwU-ivFBlvs,4HCLMdBTKsgKbduspksKo1AsZWjWY16hk__IAXLuTba1oeM,4HYNXlC8Wn8KCRQzq2yiB5zz54xC6xaYiJOglpOD2rVeLTgHZSu5kMpvKOwEW7B0fJZjgUNIi9nIZg,im wonstein,4320,1605411820000,292
309,b8k5Km-a3TUVeWrfzSF5BNZlIYGgKoYqfTUWr6Cz5gvG3g,UZ4qbMN17ODeXM0u_Y5akbJF-UJ4cBci31cHecqspjRU,javSgjRugOiuzJtYf9h1137dbEHI8I6aWXnEc9q3c8FgqesKzVvvD3X9J2gvJW0-EuJE6Tl0c9Vwkw,개밍기적,1641,1603010173000,68
310,D-b2h7yoIbBCWk2RxMUsjn4iIQtVwn2ykcVV9bsWOmOqLw,nJ7VqoXX5TLmJbg9NfflZvcRuSYQlCoqj941BjvdlOdn,jCvTpeDUzUd0mWCbi3k56HJv_qnFAVWSyMHnyU1PR3FQeCbi8Mqw-1W_17-8w1h_hl6-KyQFUfY5cA,Hello  XD,508,1605515686000,323
311,orOCNkq0p_hhFxFVEgMCBdPEiSkF3fvXE8tg0JQYnKLGApM,_4RmXjj9AG_NZmK3l4Rp4ZvpgUGzT6OQfLpfCsSo7_IPUfrNtX81GsKj,5TQMmkjvBYApD3bKeNmNQL8mfqpHFoc16dHJww7vMKv01ZGut8pKfacnXXzyALUB2VxVQVF9h54ueQ,Sado1,4498,1598849133000,84
312,0gsPVDsWlGslm5qh7UMj41lUpqIXEhndt56J196NZfipYoA,4Omn_1VXt5RmyUhWDRyWACrxPr_iGY5DsrW_6por7wj8,KBYszUNoEgJDoQAJD1ML34Nn1LtkTwq-oVeVnq5m9TGB_VQexy1AsTO46W-TjJn4GhKCpWXHaj0_lA,단호박군고구마,4707,1605403827000,231
313,ZHgMs-N46J0fli8JqM3Kf1tko0XixFEDgfNlwJv-M8J0rg,LGM2SpGGoIWw8fT1BsFyE137mLPmM9bUXlxXrYi1ly4,kU6ZlgLcIZKKG5Q29WLFuZMQFEn_7japPyS2mGTFA6AceQZZrHv-n9HPlmRuUpmbbJHrqWKcZFXJtA,도쿠도쿠,4780,1605424557000,163
314,ZIqvh7c4G-9pKg8Y3NB4NGuHJQIycykBuhl77wWxbiT2SQ,9RllDGaDs5lfzTo9EoUJC3UIV4l6g0PKA41rerB_yNU,n7kn8LKrF-lgZPI8M3ns0_jK3Kbb2EYEGzKzxcHxA_19hk-xTIcV9TC49ED5lgCVB1EzYrei27AiLQ,Luke Starkiller,4665,1604794062000,104
315,oHTVdXheFrTUe5zq43W5HiqfuLnFymEXbzxM949riv_4hg,NTXgJp88QxiK9lmOYi69M5TgnExdhWcGc2ekM3rzYOg,x-OCt7muMkasYtcgTfx3yJL988dFa7PhGEMARAR7qCOOunImaXy36oqppxtbIyz0oN_9yoQDvP7XVg,Izis,4786,1605509924000,243
316,zd3vdvecTW_Sh3-Rsofz1MkMpjlbm37VaFaDOg80fI0-3g,nneYLJahJk9INzYvuKRED4G_uc2KkEvLld4Ut7fK_yR7,Ge8Wgv06uibeNyrPhQZEDhtrczeHyPacP5qjVChzrMf5g-ogGaxOv_SSnV_3V7fiwUSvSNP4gPXSQQ,HOMIO,4782,1605497551000,80
317,1BZfuSS9jPebqz2XREv2ey0CDU6sbJ5qgKQJW7Upxc98Xw,erKBXbt4BZBpdC7eTIMhwDFysaNSkoa1crs0uNG2-_qR,fh9igqJdz355EDzkghJ0x-YO2D8jSonz9vfrV-MA-hDyHbZmi7kcYFm9mBcjhbdmTFDZO9Jx8ycS9w,살려줘 OwO,508,1605493346000,195
318,7v-94Ut_oln4zpnxpA5-34cx_ajSfO6CU5fjXZRkcZ5t0Fk,OkECX38Y2XQrSLk6u-FQrRuPIYim2JaeVBp-AZqqHl9moMz9z1CXnElN,VyUprlCVmPPkeKYfvALrXVKRPiDehugW4iTuO9yeoPNAGXmkGUOVCh1Vvc51lI4RP3Dd4oFPNsFMrA,wndzlffj,4652,1605504761000,97
319,qrHj7zSJXviD5em9fZjv_xr08m0JtgU7QLE_WyG5J414FdU,Hm3WHXFPXHnbwH502PVDlDc8MMxaDDAOXBxt-DKHyNf3Mxs,pCWhzo2Kgp3F6dHy_-0pEtAuuR6G39QK1-hMl4TJs7OSeHR053xFXgOPcVjSqJKVbbM3Wc27GuSrfg,훗 스,550,1605344845000,267
320,-WkX8aNlwdC0WqXIPw1ryOTEaOOm2bRhLdR9OfxmzTQ2h-U,sB2OCXgFrQXyZ5QWELB1lgdKEruoqiW2gEIE9L6lkFS7MVw,S28zqh0OGq3bIrKc8STK3GQA6jd2m33NmaNhiNMihNu1KTLDCRVJZ_0OXHoUo0xPdMUIw-VRwfi1BQ,말대가뤼,4568,1605409909000,129
321,-kN1XdO1rJLzgt-4RG2gUaazU3wDRTXSHIK_h__xEppxeYY,TRqQCW1VJknhbyDnmpPmOFzSWLXUTAQFz2gu1B1sX-K6zhE,Ncg-6k82P4PHo3U5DhZ0kvmsCLAXkI7m8d1CDCyU4Tmk8OOg2zW9Uo5_7rY1Zthq1yPAhGJ80H6kpg,사미라 버프좀,4686,1605226478000,347
322,ts5WRDhWuJ-h3mApsCFs_6MOgZFReSYlfNUdv9VeAaCz-w,8uMFtiKS25FmUxzniSYhQ0N0cl5kEOVnMeIlsB8G1TRr,npbuZj_oD76NVv6x6GTqawqos-dBxRXdnNj-QL8RVsBXRma2uC-2yEQ4SknHctducvh9QYsv5EDjXA,화창한 어느날,4568,1605399844000,233
323,DiIy4gyt8CEHmRTM1g1q-NBy-xk4u5Re_p0l6CAqKBJ7C1A,Ae24jlDHh8UGgsc4r8ugeyUFTDSxGKeO01aexPAfGLcKapyUHH43uHuJ,x0gruicGhTgR3ZB9Mjix7GnqTGIyKJgJxasSsbUa8XqrsXDDIJVqqQpPrpdnMcOef0Wfg2KugxgIaQ,경 전,4763,1605413664000,70
324,-SayzWhGgjeiPd8UchItSnOhCOuumZKmBC49VmhAStA1Kg,d4UaZlBQB3DxBAryUOZz-oJ9BjJlAXb4Spy3mjgemW8k,GPcbDDh7OBAnyoS_bUL8VzBUyYmgtnO-Rj8SCWmiR21RNcR9pLIuc2vNNYHKip8NtiAAaNZO13H97g,가비4번교육생,1644,1605444028000,265
325,aIuLBnl1c-ZblydGHVxiyIi1eGzva0nek6jdQ_XSpAJsDg4,HG3YIWYeN78EltG51aABpJP1z_y8EPXppaHnZt_j49xEtog,1n3gySByZt9H4M3_dHAXM3aM0VoMsBWHotRNK4gq-0VSvtqW8UIxENil10cwPW_RPjRvDvjN1Z4W_g,Nistrica,4803,1605401595000,185
326,I-tl21BH0i3C1zLDru5Ba5nLkypeugP4gOSFw1pYrgrbqIw,b_gc8lEVVbjRHMgW3N_ULTQd_aM0wjPS0SxvcFDYYrh3Kio,fH2BuSGhdUk9tH2IQ_HnueE9PkNWTWJzerUTvwmRWuX4De6QzOCQcL_5Q2QNdbgkdp0TAd7k7bhIWg,악질이야닷지해,4759,1605513965000,287
327,T42ccjA79hz7A6qO2d9U5cc2Ina4vVC9HVgbfLv4sHMMovU,2rliaYvqGHZ_uNyorApGWPfYktc4e0ay08IelJ7k1seCOWM,6XJ5g6HREMlh-kS6_xBfefR-1m1Vq2OMwqfsQYq9GrY7BfOs8980ElZZD2nqcyMges6X6s2R-RdgaQ,공허대 포킹학파,4707,1605488131000,98
328,8EUPmiYVKCKoxj4Mw4I2B9r1W5A9aysxKCY725xHliELChA,NBSqFZexRF7t3D1IPwFY8-qUlmkqm4OVOMCR1ksFc-y1NWE,omdROJsiI6UvBBfrfOyyNeMb_Q1L-GHJhW3KzoNiaOaRU_-mqEV5sbya0sIhPWiyQoEUP-IBP7tBEQ,White Snow,7,1604909060000,222
329,HmGQQWSuLJh2Yk7SjfuwB2IpcbBrk0g1EuALAvXUedhdgxY,SVPPGLq8NHirEjfbQhZc8X3MAOxWs9UOxlA8IrmZogfqeoM,l7dMzb_4niBbHPS1kiQcvzEN0fCR9M7uYEC0NbTH4jCDBuJ8gcUNeWX_Ta7UJFbAQ29z8T0McF3Q4Q,꼴뚜기의 반란,4762,1605515062000,119
330,v2KR2Ur-J9HPIV2FJULF3nZMKpRSgnO3YcEgxVEpdef8Xzc,Yr4u3WfGmE79OSmNYXxEYQ2JugbXFdcudwKbfqEsI87WjWQ,f1d-J7ob5YYWEiP8X0sZOeXCQc1lvUBp1hClG9EV37yW_PX9nDyS2II-abs7iUYYS197O_m3oRU28A,RAFINE,4763,1605543627000,259
331,NDym7WdAdSLYmkFmLIwqeahRX7Y9LpaSizd4IfM_Y2CIhFU,H8RcOTPn3CX4TsmFThwSleLER23JNnOxpb2PXPwPTpfQSIQ,EW5KPs-w8myRfHU0FHnron3Gjb51gEx6leOyKm8-SmuIcr4g9SX0BWEpju-1iSSIvIIpEYFISrWO8A,리오메트,3795,1605505555000,193
332,RpYfemXYnQWTTFy4gJOoRRBSDfbPu3j94RsFp3iADCgRNg,y8lQZ_YcTrE-0NXYo-GHJ0vknHLmb685c4F3nZcdXppM,KlM70HIvk4ZPcFFxfNS1Z9PfiPHQuPQwnhkwivwxUf2BLM3YlktUAX94TXEgvBdOmfbTaPUwVG5_hg,세롬이,1439,1605513631000,362
333,gACIDQRJu0VTZI89mnwj88iHPg7y-5sFfKyBVk0QerVrGg,oOIG-OiDch3nHu8r2Ix15Kr7wbrmIC3UkIoBx4VfOtQ0,SMZxjd04IIrURnRu2_DzFRsA6L1Hj6zr73CS6EW7xJgWrDOvJZN1FMubHUb6SRdfS8xNNDvXoxwqZw,야스오 이부형제,4646,1605522817000,206
334,3RV7ILRKNRYMRvs-4gpx8rtmb5RiFtKdt_VZw3gDs_88t4c,U5Fdt-9x5s4NX0cLGJSxsWfFFClAYbaucU7_-IO0rzQr3Vo,6jtm1UgiKz-_DVGFWXGQ-e48mYwNu1zf3NxM1t18ydB3W9SHi7_XokAasGDIxCq3YDJIEudE8QCkYQ,끠끼끠끼끠끼끠끼,4804,1605512031000,355
335,stCR40ZW634703zFOc32cKgvZg7OJG0BcWNBDbQEg3s55xw,sLEGgP443Ui0zOYEa289I8ngegX8RIsEGeyV_-juSZ9wHcA,sYnwKDcZ7r-ULomWkyHxtuHrUKZk9kvnPE9U5IetnLzTxaHq3E5LMFNFSAug8TfKGq4_YjNXfioxKw,Perfect Rossi,3799,1605397018000,201
336,KPTcQUIRtil8LvDNxZY70uAgzDI14njp3rjW3Zc9jIqMlVU,1qmSYg2rrS9xbTSgT9VmAY4Lg9cQNJQpth57WVfj85V-U2yXTLGl8bHP,Mrvv4-TfNTkenA0zDLJPOlvi2D7MHMCEF1Jd0ri3fuXNOFK_kQkp0_AG3afN67S7JbN44-wG9NpGYQ,T1 GuMaguni,4362,1605207026000,114
337,-SrrpYCyIp0WLePKGFr_z8WCBHnn7is6_-_4pSQBzd6uPw,N-NBl8-fV9bh8KHPAAXjbuV4qyse01IkssaFe2sEr-jG,ZWZPfMSyOhbLFmBLTOn9CNEDSzc-owXcnvXDNKsNtsecQ47hWxUF4GF1Xr_BVO1BxV89ONruJiKM5g,SAPIN,508,1605515764000,108
